player_id,name,age,photo_url,position_group,detailed_position,team_id,team_name,team_logo,league_id,season,appearances,starts,minutes_played,rating,goals,assists,shots,shots_on_target,key_passes,passes_total,dribbles_succ,tackles,interceptions,blocks,duels_won,fouls_drawn,fouls_committed,cards,goals_per90,assists_per90,shots_per90,shots_on_target_per90,goal_contributions_per90,key_passes_per90,successful_dribbles_per90,tackles_per90,interceptions_per90,blocks_per90,defensive_actions_per90,duels_won_per90,fouls_drawn_per90,fouls_committed_per90,cards_per90,shot_accuracy,goal_conversion,key_pass_rate,pass_accuracy,duel_success_rate,dribble_success_rate
17,C. Pulišić,27,https://media.api-sports.io/football/players/17.png,Midfielder,Midfielder,489,AC Milan,https://media.api-sports.io/football/teams/489.png,135,2023,36,32,2619,7.236111,12,8,49,31,45,958,47,35,10,1,143,45,19,2,0.41,0.27,1.68,1.07,0.69,1.55,1.62,1.2,0.34,0.03,1.58,4.91,1.55,0.65,0.07,63.27,24.49,4.7,0.0,50.53,46.53
37,N. Pérez,26,https://media.api-sports.io/football/players/37.png,Defender,Defender,494,Udinese,https://media.api-sports.io/football/teams/494.png,135,2023,36,36,3239,6.997222,0,0,13,2,7,1467,8,73,45,26,179,17,34,10,0.0,0.0,0.36,0.06,0.0,0.19,0.22,2.03,1.25,0.72,4.0,4.97,0.47,0.94,0.28,15.38,0.0,0.48,0.0,64.62,57.14
85,C. Ngonge,25,https://media.api-sports.io/football/players/85.png,Attacker,Attacker,492,Napoli,https://media.api-sports.io/football/teams/492.png,135,2023,13,1,304,6.994736,1,2,28,14,21,306,29,14,4,1,89,22,31,2,0.3,0.59,8.29,4.14,0.89,6.22,8.59,4.14,1.18,0.3,5.62,26.35,6.51,9.18,0.59,50.0,3.57,6.86,0.0,40.83,46.77
122,Jordi Mboula,27,https://media.api-sports.io/football/players/122.png,Attacker,Forward,504,Hellas Verona,https://media.api-sports.io/football/teams/504.png,135,2023,11,6,329,6.51,0,1,4,1,3,61,2,4,1,1,14,4,5,0,0.0,0.27,1.09,0.27,0.27,0.82,0.55,1.09,0.27,0.27,1.64,3.83,1.09,1.37,0.0,25.0,0.0,4.92,0.0,31.82,50.0
123,P. Pellegri,24,https://media.api-sports.io/football/players/123.png,Attacker,Attacker,503,Torino,https://media.api-sports.io/football/teams/503.png,135,2023,24,7,745,6.530434,1,1,10,4,4,131,5,5,2,1,55,22,16,3,0.12,0.12,1.21,0.48,0.24,0.48,0.6,0.6,0.24,0.12,0.97,6.64,2.66,1.93,0.36,40.0,10.0,3.05,0.0,40.74,41.67
193,D. D&apos;Ambrosio,37,https://media.api-sports.io/football/players/193.png,Defender,Defender,1579,Monza,https://media.api-sports.io/football/teams/1579.png,135,2023,24,16,1533,6.825,0,0,10,4,4,1060,7,57,14,13,104,13,18,4,0.0,0.0,0.59,0.23,0.0,0.23,0.41,3.35,0.82,0.76,4.93,6.11,0.76,1.06,0.23,40.0,0.0,0.38,0.0,63.41,58.33
194,S. de Vrij,33,https://media.api-sports.io/football/players/194.png,Defender,Defender,505,Inter,https://media.api-sports.io/football/teams/505.png,135,2023,25,17,1578,7.047826,1,0,6,3,2,939,1,18,24,10,65,2,8,0,0.06,0.0,0.34,0.17,0.06,0.11,0.06,1.03,1.37,0.57,2.97,3.71,0.11,0.46,0.0,50.0,16.67,0.21,0.0,63.11,100.0
200,G. Zappa,26,https://media.api-sports.io/football/players/200.png,Defender,Defender,490,Cagliari,https://media.api-sports.io/football/teams/490.png,135,2023,38,25,2555,6.676315,1,3,15,6,24,1073,9,54,20,5,97,15,21,2,0.04,0.11,0.53,0.21,0.14,0.85,0.32,1.9,0.7,0.18,2.78,3.42,0.53,0.74,0.07,40.0,6.67,2.24,0.0,53.3,36.0
202,A. Candreva,37,https://media.api-sports.io/football/players/202.png,Midfielder,Midfielder,514,Salernitana,https://media.api-sports.io/football/teams/514.png,135,2023,34,32,2759,7.120588,6,6,43,21,60,1141,15,18,7,0,76,43,11,5,0.2,0.2,1.4,0.69,0.39,1.96,0.49,0.59,0.23,0.0,0.82,2.48,1.4,0.36,0.16,48.84,13.95,5.26,0.0,53.15,41.67
203,R. Gagliardini,31,https://media.api-sports.io/football/players/203.png,Midfielder,Midfielder,1579,Monza,https://media.api-sports.io/football/teams/1579.png,135,2023,33,29,2368,6.972727,1,2,27,9,20,1468,8,61,31,11,136,21,26,5,0.04,0.08,1.03,0.34,0.11,0.76,0.3,2.32,1.18,0.42,3.91,5.17,0.8,0.99,0.19,33.33,3.7,1.36,41.0,57.63,53.33
211,M. Vecino,34,https://media.api-sports.io/football/players/211.png,Midfielder,Midfielder,487,Lazio,https://media.api-sports.io/football/teams/487.png,135,2023,31,8,1135,6.919354,6,1,27,11,7,735,10,32,12,5,83,7,32,8,0.48,0.08,2.14,0.87,0.56,0.56,0.79,2.54,0.95,0.4,3.89,6.58,0.56,2.54,0.63,40.74,22.22,0.95,0.0,49.7,71.43
217,Lautaro Martínez,28,https://media.api-sports.io/football/players/217.png,Attacker,Attacker,505,Inter,https://media.api-sports.io/football/teams/505.png,135,2023,33,31,2668,7.5125,24,3,77,45,33,736,19,21,20,1,135,58,45,5,0.81,0.1,2.6,1.52,0.91,1.11,0.64,0.71,0.67,0.03,1.42,4.55,1.96,1.52,0.17,58.44,31.17,4.48,0.0,45.92,33.33
219,M. Politano,32,https://media.api-sports.io/football/players/219.png,Attacker,Attacker,492,Napoli,https://media.api-sports.io/football/teams/492.png,135,2023,37,31,2385,7.230555,8,5,47,19,67,1068,31,18,15,1,90,38,12,3,0.3,0.19,1.77,0.72,0.49,2.53,1.17,0.68,0.57,0.04,1.28,3.4,1.43,0.45,0.11,40.43,17.02,6.27,0.0,45.45,44.93
226,D. Dumfries,29,https://media.api-sports.io/football/players/226.png,Defender,Defender,505,Inter,https://media.api-sports.io/football/teams/505.png,135,2023,31,19,1640,6.9,4,4,16,6,27,603,13,22,10,6,88,17,24,3,0.22,0.22,0.88,0.33,0.44,1.48,0.71,1.21,0.55,0.33,2.09,4.83,0.93,1.32,0.16,37.5,25.0,4.48,0.0,53.99,52.0
227,Angeliño,29,https://media.api-sports.io/football/players/227.png,Defender,Defender,497,AS Roma,https://media.api-sports.io/football/teams/497.png,135,2023,16,15,1148,6.85,0,1,5,2,19,571,6,21,12,5,52,10,13,2,0.0,0.08,0.39,0.16,0.08,1.49,0.47,1.65,0.94,0.39,2.98,4.08,0.78,1.02,0.16,40.0,0.0,3.33,0.0,55.32,50.0
271,L. Paredes,31,https://media.api-sports.io/football/players/271.png,Midfielder,Midfielder,497,AS Roma,https://media.api-sports.io/football/teams/497.png,135,2023,34,32,2646,7.088235,3,5,22,6,27,2032,8,57,29,7,114,35,31,16,0.1,0.17,0.75,0.2,0.27,0.92,0.27,1.94,0.99,0.24,3.16,3.88,1.19,1.05,0.54,27.27,13.64,1.33,54.0,55.34,57.14
272,A. Rabiot,30,https://media.api-sports.io/football/players/272.png,Midfielder,Midfielder,496,Juventus,https://media.api-sports.io/football/teams/496.png,135,2023,31,30,2651,7.235483,5,3,29,17,26,1137,28,58,25,6,178,38,44,8,0.17,0.1,0.98,0.58,0.27,0.88,0.95,1.97,0.85,0.2,3.02,6.04,1.29,1.49,0.27,58.62,17.24,2.29,0.0,56.51,57.14
312,A. Meret,28,https://media.api-sports.io/football/players/312.png,Midfielder,Goalkeeper,492,Napoli,https://media.api-sports.io/football/teams/492.png,135,2023,31,31,2774,6.823333,0,0,0,0,1,769,1,1,0,0,9,3,0,0,0.0,0.0,0.0,0.0,0.0,0.03,0.03,0.03,0.0,0.0,0.03,0.29,0.1,0.0,0.0,0.0,0.0,0.13,0.0,81.82,100.0
317,E. Hysaj,31,https://media.api-sports.io/football/players/317.png,Defender,Defender,487,Lazio,https://media.api-sports.io/football/teams/487.png,135,2023,22,11,1195,6.640909,0,0,2,1,9,731,2,24,17,6,48,9,14,2,0.0,0.0,0.15,0.08,0.0,0.68,0.15,1.81,1.28,0.45,3.54,3.62,0.68,1.05,0.15,50.0,0.0,1.23,0.0,48.0,25.0
322,Mário Rui,34,https://media.api-sports.io/football/players/322.png,Defender,Defender,492,Napoli,https://media.api-sports.io/football/teams/492.png,135,2023,21,14,1207,6.9,0,2,5,2,25,838,3,27,15,2,68,28,16,6,0.0,0.15,0.37,0.15,0.15,1.86,0.22,2.01,1.12,0.15,3.28,5.07,2.09,1.19,0.45,40.0,0.0,2.98,0.0,53.97,42.86
325,G. Gaetano,25,https://media.api-sports.io/football/players/325.png,Midfielder,Midfielder,490,Cagliari,https://media.api-sports.io/football/teams/490.png,135,2023,11,10,751,6.881818,4,1,9,6,16,219,10,7,3,0,33,12,10,2,0.48,0.12,1.08,0.72,0.6,1.92,1.2,0.84,0.36,0.0,1.2,3.95,1.44,1.2,0.24,66.67,44.44,7.31,0.0,32.67,41.67
329,P. Zieliński,31,https://media.api-sports.io/football/players/329.png,Midfielder,Midfielder,492,Napoli,https://media.api-sports.io/football/teams/492.png,135,2023,28,23,1937,7.096296,3,2,19,9,47,1138,15,23,9,1,62,18,15,1,0.14,0.09,0.88,0.42,0.23,2.18,0.7,1.07,0.42,0.05,1.53,2.88,0.84,0.7,0.05,47.37,15.79,4.13,0.0,48.06,48.39
333,A. Milik,31,https://media.api-sports.io/football/players/333.png,Attacker,Attacker,496,Juventus,https://media.api-sports.io/football/teams/496.png,135,2023,32,7,900,6.764516,4,1,27,13,15,264,5,9,5,1,64,26,21,3,0.4,0.1,2.7,1.3,0.5,1.5,0.5,0.9,0.5,0.1,1.5,6.4,2.6,2.1,0.3,48.15,14.81,5.68,0.0,47.41,50.0
415,W. McKennie,27,https://media.api-sports.io/football/players/415.png,Midfielder,Midfielder,496,Juventus,https://media.api-sports.io/football/teams/496.png,135,2023,34,29,2601,7.035294,0,7,19,7,41,941,18,48,18,7,115,12,23,6,0.0,0.24,0.66,0.24,0.24,1.42,0.62,1.66,0.62,0.24,2.53,3.98,0.42,0.8,0.21,36.84,0.0,4.36,0.0,50.0,38.3
418,S. Serdar,28,https://media.api-sports.io/football/players/418.png,Midfielder,Midfielder,504,Hellas Verona,https://media.api-sports.io/football/teams/504.png,135,2023,25,19,1664,6.836,0,2,13,7,17,588,18,51,20,7,109,18,40,7,0.0,0.11,0.7,0.38,0.11,0.92,0.97,2.76,1.08,0.38,4.22,5.9,0.97,2.16,0.38,53.85,0.0,2.89,0.0,49.55,56.25
483,K. Kvaratskhelia,24,https://media.api-sports.io/football/players/483.png,Attacker,Attacker,492,Napoli,https://media.api-sports.io/football/teams/492.png,135,2023,34,32,2752,7.436363,11,5,78,42,58,1027,101,42,13,1,233,79,25,8,0.36,0.16,2.55,1.37,0.52,1.9,3.3,1.37,0.43,0.03,1.83,7.62,2.58,0.82,0.26,53.85,14.1,5.65,0.0,51.78,51.79
484,A. Miranchuk,30,https://media.api-sports.io/football/players/484.png,Midfielder,Midfielder,499,Atalanta,https://media.api-sports.io/football/teams/499.png,135,2023,27,12,1170,7.117391,3,5,32,22,44,521,17,12,2,1,66,31,11,1,0.23,0.38,2.46,1.69,0.62,3.38,1.31,0.92,0.15,0.08,1.15,5.08,2.38,0.85,0.08,68.75,9.38,8.45,0.0,48.53,38.64
499,J. Boateng,37,https://media.api-sports.io/football/players/499.png,Defender,Defender,514,Salernitana,https://media.api-sports.io/football/teams/514.png,135,2023,7,4,239,6.557142,0,0,0,0,1,125,0,0,4,5,8,0,2,0,0.0,0.0,0.0,0.0,0.0,0.38,0.0,0.0,1.51,1.88,3.39,3.01,0.0,0.75,0.0,0.0,0.0,0.8,0.0,47.06,0.0
513,Renato Sanches,28,https://media.api-sports.io/football/players/513.png,Midfielder,Midfielder,497,AS Roma,https://media.api-sports.io/football/teams/497.png,135,2023,7,4,148,6.485714,1,0,2,1,3,73,4,2,0,0,10,3,6,2,0.61,0.0,1.22,0.61,0.61,1.82,2.43,1.22,0.0,0.0,1.22,6.08,1.82,3.65,1.22,50.0,50.0,4.11,0.0,40.0,80.0
530,M. Bakker,25,https://media.api-sports.io/football/players/530.png,Defender,Defender,499,Atalanta,https://media.api-sports.io/football/teams/499.png,135,2023,14,3,373,6.625,1,0,2,1,3,145,6,7,3,0,21,4,3,1,0.24,0.0,0.48,0.24,0.24,0.72,1.45,1.69,0.72,0.0,2.41,5.07,0.97,0.72,0.24,50.0,50.0,2.07,0.0,52.5,66.67
533,R. Kristensen,28,https://media.api-sports.io/football/players/533.png,Defender,Defender,497,AS Roma,https://media.api-sports.io/football/teams/497.png,135,2023,29,19,1742,6.748148,1,1,7,3,12,843,7,36,8,7,81,8,14,5,0.05,0.05,0.36,0.15,0.1,0.62,0.36,1.86,0.41,0.36,2.63,4.18,0.41,0.72,0.26,42.86,14.29,1.42,0.0,53.29,41.18
535,P. Schuurs,26,https://media.api-sports.io/football/players/535.png,Defender,Defender,503,Torino,https://media.api-sports.io/football/teams/503.png,135,2023,9,9,771,6.955555,1,0,5,1,0,400,2,20,9,2,38,1,8,2,0.12,0.0,0.58,0.12,0.12,0.0,0.23,2.33,1.05,0.23,3.62,4.44,0.12,0.93,0.23,20.0,20.0,0.0,0.0,57.58,100.0
556,M. Svilar,26,https://media.api-sports.io/football/players/556.png,Midfielder,Goalkeeper,497,AS Roma,https://media.api-sports.io/football/teams/497.png,135,2023,15,15,1350,7.52,0,0,0,0,1,528,1,0,0,0,10,4,0,1,0.0,0.0,0.0,0.0,0.0,0.07,0.07,0.0,0.0,0.0,0.0,0.67,0.27,0.0,0.07,0.0,0.0,0.19,0.0,100.0,100.0
561,T. Ebuehi,30,https://media.api-sports.io/football/players/561.png,Defender,Defender,511,Empoli,https://media.api-sports.io/football/teams/511.png,135,2023,15,12,1096,6.706666,0,1,2,1,11,428,4,14,6,4,35,9,7,0,0.0,0.08,0.16,0.08,0.08,0.9,0.33,1.15,0.49,0.33,1.97,2.87,0.74,0.57,0.0,50.0,0.0,2.57,0.0,47.3,36.36
618,Danilo,35,https://media.api-sports.io/football/players/618.png,Defender,Defender,496,Juventus,https://media.api-sports.io/football/teams/496.png,135,2023,29,29,2451,7.303571,1,1,12,2,21,1733,8,60,37,15,119,14,26,7,0.04,0.04,0.44,0.07,0.07,0.77,0.29,2.2,1.36,0.55,4.11,4.37,0.51,0.95,0.26,16.67,8.33,1.21,53.0,61.98,88.89
658,H. Aouar,27,https://media.api-sports.io/football/players/658.png,Midfielder,Midfielder,497,AS Roma,https://media.api-sports.io/football/teams/497.png,135,2023,16,9,756,6.775,4,0,10,7,10,346,11,16,4,0,48,11,10,3,0.48,0.0,1.19,0.83,0.48,1.19,1.31,1.9,0.48,0.0,2.38,5.71,1.31,1.19,0.36,70.0,40.0,2.89,0.0,48.0,61.11
711,S. Posch,28,https://media.api-sports.io/football/players/711.png,Defender,Defender,500,Bologna,https://media.api-sports.io/football/teams/500.png,135,2023,31,29,2418,6.92258,1,2,14,4,22,1790,11,77,18,8,134,12,30,7,0.04,0.07,0.52,0.15,0.11,0.82,0.41,2.87,0.67,0.3,3.83,4.99,0.45,1.12,0.26,28.57,7.14,1.23,47.0,52.14,45.83
765,A. Mirante,41,https://media.api-sports.io/football/players/765.png,Midfielder,Goalkeeper,489,AC Milan,https://media.api-sports.io/football/teams/489.png,135,2023,2,2,178,6.55,0,0,0,0,0,49,0,0,0,0,2,0,0,0,0.0,0.0,0.0,0.0,0.0,0.0,0.0,0.0,0.0,0.0,0.0,1.01,0.0,0.0,0.0,0.0,0.0,0.0,0.0,100.0,0.0
768,F. Fazio,37,https://media.api-sports.io/football/players/768.png,Defender,Defender,514,Salernitana,https://media.api-sports.io/football/teams/514.png,135,2023,17,15,1355,6.805882,1,0,6,2,3,576,2,18,17,19,79,9,9,4,0.07,0.0,0.4,0.13,0.07,0.2,0.13,1.2,1.13,1.26,3.59,5.25,0.6,0.6,0.27,33.33,16.67,0.52,0.0,67.52,100.0
769,A. Florenzi,34,https://media.api-sports.io/football/players/769.png,Defender,Defender,489,AC Milan,https://media.api-sports.io/football/teams/489.png,135,2023,31,19,1729,7.033333,1,4,26,10,46,1047,1,43,20,9,60,9,11,5,0.05,0.21,1.35,0.52,0.26,2.39,0.05,2.24,1.04,0.47,3.75,3.12,0.47,0.57,0.26,38.46,3.85,4.39,0.0,47.62,8.33
20,A. Witsel,37,https://media.api-sports.io/football/players/20.png,Midfielder,Midfielder,547,Girona,https://media.api-sports.io/football/teams/547.png,140,2023,36,32,2783,6.957142,2,0,6,3,3,1818,5,36,16,21,125,29,24,5,0.06,0.0,0.19,0.1,0.06,0.1,0.16,1.16,0.52,0.68,2.36,4.04,0.94,0.78,0.16,50.0,33.33,0.17,47.0,65.45,62.5
29,J. Oblak,33,https://media.api-sports.io/football/players/29.png,Midfielder,Goalkeeper,530,Atletico Madrid,https://media.api-sports.io/football/teams/530.png,140,2023,38,38,3420,6.965789,0,0,0,0,0,842,1,0,0,0,11,2,0,1,0.0,0.0,0.0,0.0,0.0,0.0,0.03,0.0,0.0,0.0,0.0,0.29,0.05,0.0,0.03,0.0,0.0,0.0,0.0,91.67,100.0
31,J. Giménez,30,https://media.api-sports.io/football/players/31.png,Defender,Defender,530,Atletico Madrid,https://media.api-sports.io/football/teams/530.png,140,2023,24,18,1322,6.827272,0,0,7,1,2,652,2,18,10,12,53,2,17,5,0.0,0.0,0.48,0.07,0.0,0.14,0.14,1.23,0.68,0.82,2.72,3.61,0.14,1.16,0.34,14.29,0.0,0.31,0.0,53.0,66.67
39,S. Savić,35,https://media.api-sports.io/football/players/39.png,Defender,Defender,530,Atletico Madrid,https://media.api-sports.io/football/teams/530.png,140,2023,23,21,1635,6.786363,0,0,5,1,1,971,8,27,27,15,87,6,16,8,0.0,0.0,0.28,0.06,0.0,0.06,0.44,1.49,1.49,0.83,3.8,4.79,0.33,0.88,0.44,20.0,0.0,0.1,0.0,58.0,100.0
45,T. Lemar,30,https://media.api-sports.io/football/players/45.png,Midfielder,Midfielder,530,Atletico Madrid,https://media.api-sports.io/football/teams/530.png,140,2023,5,4,167,6.633333,0,0,1,0,1,77,1,3,0,0,6,2,3,0,0.0,0.0,0.54,0.0,0.0,0.54,0.54,1.62,0.0,0.0,1.62,3.23,1.08,1.62,0.0,0.0,0.0,1.3,0.0,40.0,50.0
48,Saúl,31,https://media.api-sports.io/football/players/48.png,Midfielder,Midfielder,530,Atletico Madrid,https://media.api-sports.io/football/teams/530.png,140,2023,34,14,1364,6.954545,1,4,13,4,13,659,8,65,14,9,133,14,42,9,0.07,0.26,0.86,0.26,0.33,0.86,0.53,4.29,0.92,0.59,5.81,8.78,0.92,2.77,0.59,30.77,7.69,1.97,0.0,54.96,61.54
50,Koke,33,https://media.api-sports.io/football/players/50.png,Midfielder,Midfielder,530,Atletico Madrid,https://media.api-sports.io/football/teams/530.png,140,2023,35,33,2502,7.067647,0,4,6,2,27,2237,5,64,15,12,103,19,19,5,0.0,0.14,0.22,0.07,0.14,0.97,0.18,2.3,0.54,0.43,3.27,3.71,0.68,0.68,0.18,33.33,0.0,1.21,58.0,50.24,45.45
53,Á. Correa,30,https://media.api-sports.io/football/players/53.png,Attacker,Attacker,530,Atletico Madrid,https://media.api-sports.io/football/teams/530.png,140,2023,35,26,1532,7.015625,9,2,34,20,32,469,26,22,2,0,85,32,24,3,0.53,0.12,2.0,1.17,0.65,1.88,1.53,1.29,0.12,0.0,1.41,4.99,1.88,1.41,0.18,58.82,26.47,6.82,0.0,44.04,49.06
56,A. Griezmann,34,https://media.api-sports.io/football/players/56.png,Attacker,Attacker,530,Atletico Madrid,https://media.api-sports.io/football/teams/530.png,140,2023,33,31,2653,7.457575,16,6,56,34,43,1243,22,33,10,3,95,26,16,5,0.54,0.2,1.9,1.15,0.75,1.46,0.75,1.12,0.34,0.1,1.56,3.22,0.88,0.54,0.17,60.71,28.57,3.46,0.0,46.8,59.46
59,Álvaro Morata,33,https://media.api-sports.io/football/players/59.png,Attacker,Forward,530,Atletico Madrid,https://media.api-sports.io/football/teams/530.png,140,2023,32,27,1914,6.953125,15,3,60,34,15,373,17,16,1,3,112,35,33,5,0.71,0.14,2.82,1.6,0.85,0.71,0.8,0.75,0.05,0.14,0.94,5.27,1.65,1.55,0.24,56.67,25.0,4.02,0.0,50.22,51.52
119,R. Falcao,40,https://media.api-sports.io/football/players/119.png,Attacker,Forward,728,Rayo Vallecano,https://media.api-sports.io/football/teams/728.png,140,2023,22,11,403,6.540909,1,0,13,7,4,107,3,7,3,0,33,10,15,3,0.22,0.0,2.9,1.56,0.22,0.89,0.67,1.56,0.67,0.0,2.23,7.37,2.23,3.35,0.67,53.85,7.69,3.74,0.0,37.5,42.86
126,Iñaki Peña,26,https://media.api-sports.io/football/players/126.png,Midfielder,Goalkeeper,529,Barcelona,https://media.api-sports.io/football/teams/529.png,140,2023,10,10,900,6.61,0,0,0,0,0,251,0,0,0,0,5,1,0,0,0.0,0.0,0.0,0.0,0.0,0.0,0.0,0.0,0.0,0.0,0.0,0.5,0.1,0.0,0.0,0.0,0.0,0.0,0.0,83.33,0.0
127,M. ter Stegen,33,https://media.api-sports.io/football/players/127.png,Midfielder,Goalkeeper,529,Barcelona,https://media.api-sports.io/football/teams/529.png,140,2023,28,28,2520,7.157142,0,0,0,0,1,920,0,0,0,0,5,1,0,3,0.0,0.0,0.0,0.0,0.0,0.04,0.0,0.0,0.0,0.0,0.0,0.18,0.04,0.0,0.11,0.0,0.0,0.11,0.0,100.0,0.0
129,Chumi,26,https://media.api-sports.io/football/players/129.png,Defender,Defender,723,Almeria,https://media.api-sports.io/football/teams/723.png,140,2023,31,26,2431,6.606451,0,1,4,1,4,1176,5,34,14,23,90,8,23,4,0.0,0.04,0.15,0.04,0.04,0.15,0.19,1.26,0.52,0.85,2.63,3.33,0.3,0.85,0.15,25.0,0.0,0.34,0.0,56.6,83.33
131,Jorge Cuenca,26,https://media.api-sports.io/football/players/131.png,Defender,Defender,533,Villarreal,https://media.api-sports.io/football/teams/533.png,140,2023,29,21,1960,6.803448,3,1,19,7,6,1089,8,41,21,15,122,12,25,7,0.14,0.05,0.87,0.32,0.18,0.28,0.37,1.88,0.96,0.69,3.54,5.6,0.55,1.15,0.32,36.84,15.79,0.55,0.0,59.51,57.14
134,Juan Miranda,25,https://media.api-sports.io/football/players/134.png,Defender,Defender,543,Real Betis,https://media.api-sports.io/football/teams/543.png,140,2023,25,21,1862,7.028,1,1,12,6,24,920,7,38,19,6,105,34,21,8,0.05,0.05,0.58,0.29,0.1,1.16,0.34,1.84,0.92,0.29,3.05,5.08,1.64,1.02,0.39,50.0,8.33,2.61,0.0,58.66,46.67
137,Sergi Roberto,33,https://media.api-sports.io/football/players/137.png,Midfielder,Midfielder,529,Barcelona,https://media.api-sports.io/football/teams/529.png,140,2023,28,18,863,7.042857,3,2,10,4,9,629,3,15,8,2,37,7,8,4,0.31,0.21,1.04,0.42,0.52,0.94,0.31,1.56,0.83,0.21,2.61,3.86,0.73,0.83,0.42,40.0,30.0,1.43,40.0,52.86,75.0
143,Carles Aleñá,27,https://media.api-sports.io/football/players/143.png,Midfielder,Midfielder,546,Getafe,https://media.api-sports.io/football/teams/546.png,140,2023,29,10,1011,6.575862,1,1,11,5,18,357,6,24,4,3,59,18,22,6,0.09,0.09,0.98,0.45,0.18,1.6,0.53,2.14,0.36,0.27,2.76,5.25,1.6,1.96,0.53,45.45,9.09,5.04,0.0,39.6,24.0
149,I. Rakitić,37,https://media.api-sports.io/football/players/149.png,Midfielder,Midfielder,536,Sevilla,https://media.api-sports.io/football/teams/536.png,140,2023,18,16,1426,7.433333,2,1,21,8,49,934,8,30,14,5,69,19,16,6,0.13,0.06,1.33,0.5,0.19,3.09,0.5,1.89,0.88,0.32,3.09,4.35,1.2,1.01,0.38,38.1,9.52,5.25,42.0,57.5,47.06
158,P. Gazzaniga,33,https://media.api-sports.io/football/players/158.png,Midfielder,Goalkeeper,547,Girona,https://media.api-sports.io/football/teams/547.png,140,2023,38,38,3420,7.252631,0,0,0,0,3,1209,6,2,0,0,24,8,0,2,0.0,0.0,0.0,0.0,0.0,0.08,0.16,0.05,0.0,0.0,0.05,0.63,0.21,0.0,0.05,0.0,0.0,0.25,0.0,88.89,100.0
166,J. Foyth,27,https://media.api-sports.io/football/players/166.png,Defender,Defender,533,Villarreal,https://media.api-sports.io/football/teams/533.png,140,2023,12,12,1062,7.05,1,1,4,2,5,576,20,26,12,4,79,7,18,1,0.08,0.08,0.34,0.17,0.17,0.42,1.69,2.2,1.02,0.34,3.56,6.69,0.59,1.53,0.08,50.0,25.0,0.87,0.0,56.03,76.92
176,E. Lamela,33,https://media.api-sports.io/football/players/176.png,Midfielder,Midfielder,536,Sevilla,https://media.api-sports.io/football/teams/536.png,140,2023,20,13,491,6.833333,2,0,8,4,12,156,6,20,1,0,34,6,18,3,0.37,0.0,1.47,0.73,0.37,2.2,1.1,3.67,0.18,0.0,3.85,6.23,1.1,3.3,0.55,50.0,25.0,7.69,0.0,40.0,37.5
288,Alberto Moreno,33,https://media.api-sports.io/football/players/288.png,Defender,Defender,533,Villarreal,https://media.api-sports.io/football/teams/533.png,140,2023,30,25,1497,6.755555,2,2,11,5,16,593,5,31,22,2,60,14,24,7,0.12,0.12,0.66,0.3,0.24,0.96,0.3,1.86,1.32,0.12,3.31,3.61,0.84,1.44,0.42,45.45,18.18,2.7,0.0,48.39,55.56
314,Raúl Albiol,40,https://media.api-sports.io/football/players/314.png,Defender,Defender,533,Villarreal,https://media.api-sports.io/football/teams/533.png,140,2023,30,26,2035,6.803846,0,1,5,1,3,1262,0,25,16,24,79,8,21,6,0.0,0.04,0.22,0.04,0.04,0.13,0.0,1.11,0.71,1.06,2.87,3.49,0.35,0.93,0.27,20.0,0.0,0.24,41.0,56.43,0.0
330,José Callejón,38,https://media.api-sports.io/football/players/330.png,Attacker,Attacker,715,Granada CF,https://media.api-sports.io/football/teams/715.png,140,2023,25,7,794,6.668,0,1,9,4,16,320,3,13,5,1,44,21,11,2,0.0,0.11,1.02,0.45,0.11,1.81,0.34,1.47,0.57,0.11,2.15,4.99,2.38,1.25,0.23,44.44,0.0,5.0,0.0,50.0,42.86
340,S. Babić,30,https://media.api-sports.io/football/players/340.png,Defender,Defender,723,Almeria,https://media.api-sports.io/football/teams/723.png,140,2023,1,1,90,6.9,0,0,1,0,0,62,0,2,0,1,5,0,2,0,0.0,0.0,1.0,0.0,0.0,0.0,0.0,2.0,0.0,1.0,3.0,5.0,0.0,2.0,0.0,0.0,0.0,0.0,58.0,62.5,0.0
372,Éder Militão,28,https://media.api-sports.io/football/players/372.png,Defender,Defender,541,Real Madrid,https://media.api-sports.io/football/teams/541.png,140,2023,10,7,497,6.8625,0,0,2,2,0,326,0,7,5,3,24,5,5,0,0.0,0.0,0.36,0.36,0.0,0.0,0.0,1.27,0.91,0.54,2.72,4.35,0.91,0.91,0.0,100.0,0.0,0.0,0.0,52.17,0.0
383,Wilson Manafá,32,https://media.api-sports.io/football/players/383.png,Defender,Defender,715,Granada CF,https://media.api-sports.io/football/teams/715.png,140,2023,4,4,241,6.375,0,0,1,0,1,98,6,6,1,0,14,0,3,1,0.0,0.0,0.37,0.0,0.0,0.37,2.24,2.24,0.37,0.0,2.61,5.23,0.0,1.12,0.37,0.0,0.0,1.02,0.0,51.85,66.67
385,Óliver Torres,31,https://media.api-sports.io/football/players/385.png,Midfielder,Midfielder,536,Sevilla,https://media.api-sports.io/football/teams/536.png,140,2023,27,23,1628,6.8,0,1,7,3,22,825,11,37,6,4,82,23,26,3,0.0,0.06,0.39,0.17,0.06,1.22,0.61,2.05,0.33,0.22,2.6,4.53,1.27,1.44,0.17,42.86,0.0,2.67,0.0,40.0,47.83
403,M. Nastasić,32,https://media.api-sports.io/football/players/403.png,Defender,Defender,798,Mallorca,https://media.api-sports.io/football/teams/798.png,140,2023,26,25,2257,6.892307,2,0,6,2,5,982,0,34,29,20,85,7,33,8,0.08,0.0,0.24,0.08,0.08,0.2,0.0,1.36,1.16,0.8,3.31,3.39,0.28,1.32,0.32,33.33,33.33,0.51,0.0,54.84,0.0
414,Omar Mascarell,32,https://media.api-sports.io/football/players/414.png,Midfielder,Midfielder,798,Mallorca,https://media.api-sports.io/football/teams/798.png,140,2023,34,24,1578,6.665517,0,0,4,0,3,775,8,33,31,8,85,14,31,9,0.0,0.0,0.23,0.0,0.0,0.17,0.46,1.88,1.77,0.46,4.11,4.85,0.8,1.77,0.51,0.0,0.0,0.39,0.0,51.52,88.89
433,Marcão,30,https://media.api-sports.io/football/players/433.png,Defender,Defender,536,Sevilla,https://media.api-sports.io/football/teams/536.png,140,2023,7,5,354,6.783333,0,0,0,0,1,195,1,9,4,6,21,6,5,2,0.0,0.0,0.0,0.0,0.0,0.25,0.25,2.29,1.02,1.53,4.83,5.34,1.53,1.27,0.51,0.0,0.0,0.51,0.0,61.76,50.0
452,Fernando,38,https://media.api-sports.io/football/players/452.png,Midfielder,Midfielder,536,Sevilla,https://media.api-sports.io/football/teams/536.png,140,2023,11,9,459,6.85,0,0,0,0,2,237,4,9,7,0,25,3,6,0,0.0,0.0,0.0,0.0,0.0,0.39,0.78,1.76,1.37,0.0,3.14,4.9,0.59,1.18,0.0,0.0,0.0,0.84,0.0,53.19,80.0
505,D. Alaba,33,https://media.api-sports.io/football/players/505.png,Defender,Defender,541,Real Madrid,https://media.api-sports.io/football/teams/541.png,140,2023,15,15,1156,7.135714,0,1,10,4,10,878,0,14,16,7,24,0,4,2,0.0,0.08,0.78,0.31,0.08,0.78,0.0,1.09,1.25,0.54,2.88,1.87,0.0,0.31,0.16,40.0,0.0,1.14,57.0,57.14,0.0
521,R. Lewandowski,37,https://media.api-sports.io/football/players/521.png,Attacker,Attacker,529,Barcelona,https://media.api-sports.io/football/teams/529.png,140,2023,35,33,2758,7.254285,19,8,69,43,27,566,23,8,9,4,137,55,23,5,0.62,0.26,2.25,1.4,0.88,0.88,0.75,0.26,0.29,0.13,0.69,4.47,1.79,0.75,0.16,62.32,27.54,4.77,0.0,49.82,43.4
531,D. Blind,35,https://media.api-sports.io/football/players/531.png,Defender,Defender,547,Girona,https://media.api-sports.io/football/teams/547.png,140,2023,35,35,2978,7.070588,1,2,12,6,17,2523,17,47,21,19,115,12,19,6,0.03,0.06,0.36,0.18,0.09,0.51,0.51,1.42,0.63,0.57,2.63,3.48,0.36,0.57,0.18,50.0,8.33,0.67,67.0,58.97,68.0
536,D. Sinkgraven,30,https://media.api-sports.io/football/players/536.png,Defender,Defender,534,Las Palmas,https://media.api-sports.io/football/teams/534.png,140,2023,28,17,377,6.466666,0,0,0,0,0,235,0,11,6,3,21,5,4,1,0.0,0.0,0.0,0.0,0.0,0.0,0.0,2.63,1.43,0.72,4.77,5.01,1.19,0.95,0.24,0.0,0.0,0.0,0.0,56.76,0.0
538,F. de Jong,28,https://media.api-sports.io/football/players/538.png,Midfielder,Midfielder,529,Barcelona,https://media.api-sports.io/football/teams/529.png,140,2023,21,21,1637,7.395,2,0,5,4,22,1639,13,43,14,8,101,22,19,7,0.11,0.0,0.27,0.22,0.11,1.21,0.71,2.36,0.77,0.44,3.57,5.55,1.21,1.04,0.38,80.0,40.0,1.34,76.0,58.38,61.9
570,F. Cervi,32,https://media.api-sports.io/football/players/570.png,Attacker,Forward,538,Celta Vigo,https://media.api-sports.io/football/teams/538.png,140,2023,17,12,562,6.823529,0,1,5,1,10,240,0,25,9,0,50,19,6,2,0.0,0.16,0.8,0.16,0.16,1.6,0.0,4.0,1.44,0.0,5.44,8.01,3.04,0.96,0.32,20.0,0.0,4.17,0.0,60.24,0.0
608,L. Boyé,29,https://media.api-sports.io/football/players/608.png,Attacker,Attacker,715,Granada CF,https://media.api-sports.io/football/teams/715.png,140,2023,31,30,2554,6.78387,6,3,43,15,26,608,53,50,10,5,204,43,72,9,0.21,0.11,1.52,0.53,0.32,0.92,1.87,1.76,0.35,0.18,2.29,7.19,1.52,2.54,0.32,34.88,13.95,4.28,0.0,38.71,41.41
614,C. Bravo,42,https://media.api-sports.io/football/players/614.png,Midfielder,Goalkeeper,543,Real Betis,https://media.api-sports.io/football/teams/543.png,140,2023,7,7,630,7.1,0,0,0,0,1,199,0,0,0,0,3,1,0,0,0.0,0.0,0.0,0.0,0.0,0.14,0.0,0.0,0.0,0.0,0.0,0.43,0.14,0.0,0.0,0.0,0.0,0.5,0.0,75.0,0.0
619,Eric García,24,https://media.api-sports.io/football/players/619.png,Defender,Defender,547,Girona,https://media.api-sports.io/football/teams/547.png,140,2023,30,30,2641,6.7,5,0,1,0,0,44,0,0,0,1,1,0,1,4,0.17,0.0,0.03,0.0,0.17,0.0,0.0,0.0,0.0,0.03,0.03,0.03,0.0,0.03,0.14,0.0,500.0,0.0,0.0,50.0,0.0
633,İ. Gündoğan,35,https://media.api-sports.io/football/players/633.png,Midfielder,Midfielder,529,Barcelona,https://media.api-sports.io/football/teams/529.png,140,2023,36,35,2997,7.458333,5,9,32,17,97,2336,34,31,21,4,114,42,16,5,0.15,0.27,0.96,0.51,0.42,2.91,1.02,0.93,0.63,0.12,1.68,3.42,1.26,0.48,0.15,53.12,15.62,4.15,58.0,51.12,62.96
653,F. Mendy,30,https://media.api-sports.io/football/players/653.png,Defender,Defender,541,Real Madrid,https://media.api-sports.io/football/teams/541.png,140,2023,28,26,1734,6.891304,0,0,3,2,11,1134,13,15,13,2,49,15,17,5,0.0,0.0,0.16,0.1,0.0,0.57,0.67,0.78,0.67,0.1,1.56,2.54,0.78,0.88,0.26,66.67,0.0,0.97,46.0,48.51,50.0
667,M. Depay,31,https://media.api-sports.io/football/players/667.png,Attacker,Attacker,530,Atletico Madrid,https://media.api-sports.io/football/teams/530.png,140,2023,26,17,894,6.781818,5,1,31,15,13,246,18,5,1,0,43,16,14,2,0.5,0.1,3.12,1.51,0.6,1.31,1.81,0.5,0.1,0.0,0.6,4.33,1.61,1.41,0.2,48.39,16.13,5.28,0.0,39.45,51.43
668,N. Fekir,32,https://media.api-sports.io/football/players/668.png,Attacker,Attacker,543,Real Betis,https://media.api-sports.io/football/teams/543.png,140,2023,19,10,1047,7.144444,1,2,18,9,30,548,21,15,7,0,81,35,22,1,0.09,0.17,1.55,0.77,0.26,2.58,1.81,1.29,0.6,0.0,1.89,6.96,3.01,1.89,0.09,50.0,5.56,5.47,0.0,56.25,77.78
5,M. Akanji,30,https://media.api-sports.io/football/players/5.png,Defender,Defender,50,Manchester City,https://media.api-sports.io/football/teams/50.png,39,2023,34,32,2514,7.27931,2,0,11,5,13,2296,2,42,23,12,90,19,17,5,0.07,0.0,0.39,0.18,0.07,0.47,0.07,1.5,0.82,0.43,2.76,3.22,0.68,0.61,0.18,45.45,18.18,0.57,74.0,55.56,50.0
14,M. Dahoud,29,https://media.api-sports.io/football/players/14.png,Midfielder,Midfielder,51,Brighton,https://media.api-sports.io/football/teams/51.png,39,2023,17,13,454,6.666666,0,1,4,1,10,325,2,9,1,1,13,2,6,2,0.0,0.2,0.79,0.2,0.2,1.98,0.4,1.78,0.2,0.2,2.18,2.58,0.4,1.19,0.4,25.0,0.0,3.08,0.0,34.21,40.0
22,J. Bruun Larsen,27,https://media.api-sports.io/football/players/22.png,Attacker,Attacker,44,Burnley,https://media.api-sports.io/football/teams/44.png,39,2023,32,16,1251,6.806451,6,0,29,16,25,457,20,9,7,2,48,7,13,1,0.43,0.0,2.09,1.15,0.43,1.8,1.44,0.65,0.5,0.14,1.29,3.45,0.5,0.94,0.07,55.17,20.69,5.47,0.0,33.33,39.22
44,Rodri,29,https://media.api-sports.io/football/players/44.png,Midfielder,Midfielder,50,Manchester City,https://media.api-sports.io/football/teams/50.png,39,2023,35,34,2938,7.982352,8,9,46,22,50,3630,42,70,26,8,201,35,41,9,0.25,0.28,1.41,0.67,0.52,1.53,1.29,2.14,0.8,0.25,3.19,6.16,1.07,1.26,0.28,47.83,17.39,1.38,98.0,59.12,75.0
49,T. Partey,32,https://media.api-sports.io/football/players/49.png,Midfielder,Midfielder,42,Arsenal,https://media.api-sports.io/football/teams/42.png,39,2023,14,9,788,6.961538,0,0,5,2,6,621,9,14,11,3,36,6,10,3,0.0,0.0,0.57,0.23,0.0,0.69,1.03,1.6,1.26,0.34,3.2,4.11,0.69,1.14,0.34,40.0,0.0,0.97,43.0,52.17,81.82
74,S. Amrabat,29,https://media.api-sports.io/football/players/74.png,Midfielder,Midfielder,33,Manchester United,https://media.api-sports.io/football/teams/33.png,39,2023,21,17,944,6.589473,0,0,2,0,6,645,6,27,8,7,48,10,24,6,0.0,0.0,0.19,0.0,0.0,0.57,0.57,2.57,0.76,0.67,4.0,4.58,0.95,2.29,0.57,0.0,0.0,0.93,0.0,46.15,75.0
76,M. Nakamba,31,https://media.api-sports.io/football/players/76.png,Midfielder,Midfielder,1359,Luton,https://media.api-sports.io/football/teams/1359.png,39,2023,13,13,1133,6.76923,0,0,4,0,7,415,3,40,11,6,56,9,24,5,0.0,0.0,0.32,0.0,0.0,0.56,0.24,3.18,0.87,0.48,4.53,4.45,0.71,1.91,0.4,0.0,0.0,1.69,0.0,49.56,37.5
83,A. Danjuma,28,https://media.api-sports.io/football/players/83.png,Attacker,Attacker,45,Everton,https://media.api-sports.io/football/teams/45.png,39,2023,28,16,595,6.657142,1,0,17,9,6,140,8,6,3,0,22,5,6,0,0.15,0.0,2.57,1.36,0.15,0.91,1.21,0.91,0.45,0.0,1.36,3.33,0.76,0.91,0.0,52.94,5.88,4.29,0.0,41.51,42.11
95,B. Badiashile,24,https://media.api-sports.io/football/players/95.png,Defender,Defender,49,Chelsea,https://media.api-sports.io/football/teams/49.png,39,2023,25,19,1337,6.741176,0,1,4,1,6,1165,0,21,18,14,55,6,17,3,0.0,0.07,0.27,0.07,0.07,0.4,0.0,1.41,1.21,0.94,3.57,3.7,0.4,1.14,0.2,25.0,0.0,0.52,62.0,53.4,0.0
104,Carlos Vinícius,31,https://media.api-sports.io/football/players/104.png,Attacker,Forward,36,Fulham,https://media.api-sports.io/football/teams/36.png,39,2023,13,6,320,6.623076,2,0,9,5,5,61,2,3,0,0,11,2,4,2,0.56,0.0,2.53,1.41,0.56,1.41,0.56,0.84,0.0,0.0,0.84,3.09,0.56,1.12,0.56,55.56,22.22,8.2,0.0,25.58,25.0
130,Nélson Semedo,32,https://media.api-sports.io/football/players/130.png,Defender,Defender,39,Wolves,https://media.api-sports.io/football/teams/39.png,39,2023,36,36,3093,6.722222,0,1,10,4,24,1516,51,79,36,8,182,30,48,11,0.0,0.03,0.29,0.12,0.03,0.7,1.48,2.3,1.05,0.23,3.58,5.3,0.87,1.4,0.32,40.0,0.0,1.58,0.0,52.3,63.75
133,C. Lenglet,31,https://media.api-sports.io/football/players/133.png,Defender,Defender,66,Aston Villa,https://media.api-sports.io/football/teams/66.png,39,2023,14,14,1155,6.771428,0,1,5,2,2,910,3,13,7,11,43,12,3,3,0.0,0.08,0.39,0.16,0.08,0.16,0.23,1.01,0.55,0.86,2.42,3.35,0.94,0.23,0.23,40.0,0.0,0.22,58.0,63.24,60.0
163,S. Aurier,33,https://media.api-sports.io/football/players/163.png,Defender,Defender,65,Nottingham Forest,https://media.api-sports.io/football/teams/65.png,39,2023,12,11,834,6.825,0,2,5,1,4,391,3,20,9,3,62,9,8,2,0.0,0.22,0.54,0.11,0.22,0.43,0.32,2.16,0.97,0.32,3.45,6.69,0.97,0.86,0.22,20.0,0.0,1.02,0.0,53.91,21.43
164,B. Davies,32,https://media.api-sports.io/football/players/164.png,Defender,Defender,47,Tottenham,https://media.api-sports.io/football/teams/47.png,39,2023,30,22,1093,7.017647,1,0,11,2,4,812,4,24,10,15,76,19,8,2,0.08,0.0,0.91,0.16,0.08,0.33,0.33,1.98,0.82,1.24,4.03,6.26,1.56,0.66,0.16,18.18,9.09,0.49,43.0,63.87,40.0
169,K. Trippier,35,https://media.api-sports.io/football/players/169.png,Defender,Defender,34,Newcastle,https://media.api-sports.io/football/teams/34.png,39,2023,28,26,2239,7.333333,1,10,6,2,65,1711,16,57,24,8,125,21,27,5,0.04,0.4,0.24,0.08,0.44,2.61,0.64,2.29,0.96,0.32,3.58,5.02,0.84,1.09,0.2,33.33,16.67,3.8,48.0,55.8,72.73
174,C. Eriksen,33,https://media.api-sports.io/football/players/174.png,Midfielder,Midfielder,33,Manchester United,https://media.api-sports.io/football/teams/33.png,39,2023,33,24,1160,6.868181,1,2,8,4,27,754,3,18,4,6,25,3,7,1,0.08,0.16,0.62,0.31,0.23,2.09,0.23,1.4,0.31,0.47,2.17,1.94,0.23,0.54,0.08,50.0,12.5,3.58,0.0,32.47,50.0
175,E. Dier,32,https://media.api-sports.io/football/players/175.png,Defender,Defender,47,Tottenham,https://media.api-sports.io/football/teams/47.png,39,2023,4,1,199,6.5,0,0,0,0,0,141,0,2,2,3,6,1,0,0,0.0,0.0,0.0,0.0,0.0,0.0,0.0,0.9,0.9,1.36,3.17,2.71,0.45,0.0,0.0,0.0,0.0,0.0,0.0,54.55,0.0
180,O. Skipp,25,https://media.api-sports.io/football/players/180.png,Midfielder,Midfielder,47,Tottenham,https://media.api-sports.io/football/teams/47.png,39,2023,21,5,695,6.638095,0,0,1,1,8,373,2,18,3,1,35,12,8,3,0.0,0.0,0.13,0.13,0.0,1.04,0.26,2.33,0.39,0.13,2.85,4.53,1.55,1.04,0.39,100.0,0.0,2.14,0.0,52.24,66.67
186,Son Heung-Min,33,https://media.api-sports.io/football/players/186.png,Attacker,Attacker,47,Tottenham,https://media.api-sports.io/football/teams/47.png,39,2023,35,34,2948,7.568571,17,10,63,40,69,1025,39,21,8,1,104,39,12,1,0.52,0.31,1.92,1.22,0.82,2.11,1.19,0.64,0.24,0.03,0.92,3.18,1.19,0.37,0.03,63.49,26.98,6.73,0.0,45.22,45.35
207,I. Perišić,36,https://media.api-sports.io/football/players/207.png,Attacker,Attacker,47,Tottenham,https://media.api-sports.io/football/teams/47.png,39,2023,5,0,98,7.04,0,1,1,0,5,61,4,3,2,0,13,1,2,2,0.0,0.92,0.92,0.0,0.92,4.59,3.67,2.76,1.84,0.0,4.59,11.94,0.92,1.84,1.84,0.0,0.0,8.2,0.0,65.0,57.14
247,C. Gakpo,26,https://media.api-sports.io/football/players/247.png,Attacker,Attacker,40,Liverpool,https://media.api-sports.io/football/teams/40.png,39,2023,35,23,1652,7.105714,8,5,49,24,25,535,31,26,13,4,126,38,28,1,0.44,0.27,2.67,1.31,0.71,1.36,1.69,1.42,0.71,0.22,2.34,6.86,2.07,1.53,0.05,48.98,16.33,4.67,0.0,51.01,64.58
253,A. Areola,32,https://media.api-sports.io/football/players/253.png,Midfielder,Goalkeeper,48,West Ham,https://media.api-sports.io/football/teams/48.png,39,2023,31,31,2702,7.377419,0,0,0,0,0,718,1,1,1,0,15,3,2,1,0.0,0.0,0.0,0.0,0.0,0.0,0.03,0.03,0.03,0.0,0.07,0.5,0.1,0.07,0.03,0.0,0.0,0.0,0.0,75.0,100.0
259,Thiago Silva,41,https://media.api-sports.io/football/players/259.png,Defender,Defender,49,Chelsea,https://media.api-sports.io/football/teams/49.png,39,2023,31,30,2537,7.06129,3,1,9,4,9,2280,2,29,27,24,90,8,10,4,0.11,0.04,0.32,0.14,0.14,0.32,0.07,1.03,0.96,0.85,2.84,3.19,0.28,0.35,0.14,44.44,33.33,0.39,69.0,63.83,100.0
269,C. Nkunku,28,https://media.api-sports.io/football/players/269.png,Attacker,Attacker,49,Chelsea,https://media.api-sports.io/football/teams/49.png,39,2023,11,2,435,6.881818,3,0,13,9,3,177,2,5,2,1,24,7,8,0,0.62,0.0,2.69,1.86,0.62,0.62,0.41,1.03,0.41,0.21,1.66,4.97,1.45,1.66,0.0,69.23,23.08,1.69,0.0,46.15,28.57
277,M. Diaby,26,https://media.api-sports.io/football/players/277.png,Attacker,Attacker,66,Aston Villa,https://media.api-sports.io/football/teams/66.png,39,2023,38,31,2197,6.967567,6,8,39,23,47,569,29,12,9,1,58,15,16,1,0.25,0.33,1.6,0.94,0.57,1.93,1.19,0.49,0.37,0.04,0.9,2.38,0.61,0.66,0.04,58.97,15.38,8.26,0.0,33.53,43.94
280,Alisson Becker,33,https://media.api-sports.io/football/players/280.png,Midfielder,Goalkeeper,40,Liverpool,https://media.api-sports.io/football/teams/40.png,39,2023,28,28,2520,7.035714,0,0,0,0,1,997,0,0,0,0,11,5,1,1,0.0,0.0,0.0,0.0,0.0,0.04,0.0,0.0,0.0,0.0,0.0,0.39,0.18,0.04,0.04,0.0,0.0,0.1,0.0,73.33,0.0
281,C. Kelleher,27,https://media.api-sports.io/football/players/281.png,Midfielder,Goalkeeper,40,Liverpool,https://media.api-sports.io/football/teams/40.png,39,2023,10,10,900,6.96,0,0,0,0,1,387,0,0,0,0,4,0,0,0,0.0,0.0,0.0,0.0,0.0,0.1,0.0,0.0,0.0,0.0,0.0,0.4,0.0,0.0,0.0,0.0,0.0,0.26,0.0,100.0,0.0
283,T. Alexander-Arnold,27,https://media.api-sports.io/football/players/283.png,Defender,Defender,40,Liverpool,https://media.api-sports.io/football/teams/40.png,39,2023,28,25,2161,7.332142,3,4,33,8,64,1683,28,39,31,2,84,9,9,6,0.12,0.17,1.37,0.33,0.29,2.67,1.17,1.62,1.29,0.08,3.0,3.5,0.37,0.37,0.25,24.24,9.09,3.8,49.0,44.92,57.14
284,J. Gomez,28,https://media.api-sports.io/football/players/284.png,Defender,Defender,40,Liverpool,https://media.api-sports.io/football/teams/40.png,39,2023,32,17,1777,6.935483,0,1,14,2,22,1148,15,47,19,4,109,16,28,5,0.0,0.05,0.71,0.1,0.05,1.11,0.76,2.38,0.96,0.2,3.55,5.52,0.81,1.42,0.25,14.29,0.0,1.92,0.0,53.69,55.56
286,J. Matip,33,https://media.api-sports.io/football/players/286.png,Defender,Defender,40,Liverpool,https://media.api-sports.io/football/teams/40.png,39,2023,10,9,783,7.04,0,0,4,0,2,563,0,12,9,12,43,3,7,2,0.0,0.0,0.46,0.0,0.0,0.23,0.0,1.38,1.03,1.38,3.79,4.94,0.34,0.8,0.23,0.0,0.0,0.36,49.0,61.43,0.0
289,A. Robertson,31,https://media.api-sports.io/football/players/289.png,Defender,Defender,40,Liverpool,https://media.api-sports.io/football/teams/40.png,39,2023,23,19,1691,7.447826,3,2,9,7,65,1244,5,35,13,6,59,5,9,2,0.16,0.11,0.48,0.37,0.27,3.46,0.27,1.86,0.69,0.32,2.87,3.14,0.27,0.48,0.11,77.78,33.33,5.23,47.0,51.75,29.41
290,V. van Dijk,34,https://media.api-sports.io/football/players/290.png,Defender,Defender,40,Liverpool,https://media.api-sports.io/football/teams/40.png,39,2023,36,36,3178,7.383333,2,2,35,14,11,2871,2,40,39,34,194,13,23,4,0.06,0.06,0.99,0.4,0.11,0.31,0.06,1.13,1.1,0.96,3.2,5.49,0.37,0.65,0.11,40.0,5.71,0.38,72.0,75.49,50.0
293,C. Jones,24,https://media.api-sports.io/football/players/293.png,Midfielder,Midfielder,40,Liverpool,https://media.api-sports.io/football/teams/40.png,39,2023,27,22,1165,6.726086,1,1,12,6,11,750,15,27,7,0,63,14,16,4,0.08,0.08,0.93,0.46,0.15,0.85,1.16,2.09,0.54,0.0,2.63,4.87,1.08,1.24,0.31,50.0,8.33,1.47,0.0,42.86,60.0
295,A. Lallana,37,https://media.api-sports.io/football/players/295.png,Midfielder,Midfielder,51,Brighton,https://media.api-sports.io/football/teams/51.png,39,2023,25,13,850,6.675,0,1,8,2,15,499,3,8,3,1,25,11,8,2,0.0,0.11,0.85,0.21,0.11,1.59,0.32,0.85,0.32,0.11,1.27,2.65,1.16,0.85,0.21,25.0,0.0,3.01,0.0,36.23,25.0
296,J. Milner,39,https://media.api-sports.io/football/players/296.png,Midfielder,Midfielder,51,Brighton,https://media.api-sports.io/football/teams/51.png,39,2023,17,14,778,6.873333,0,2,3,1,16,500,3,20,8,0,33,4,10,3,0.0,0.23,0.35,0.12,0.23,1.85,0.35,2.31,0.93,0.0,3.24,3.82,0.46,1.16,0.35,33.33,0.0,3.2,0.0,46.48,42.86
303,R. Brewster,25,https://media.api-sports.io/football/players/303.png,Attacker,Attacker,62,Sheffield Utd,https://media.api-sports.io/football/teams/62.png,39,2023,13,3,340,6.330769,0,0,6,3,2,73,0,5,1,0,14,5,5,1,0.0,0.0,1.59,0.79,0.0,0.53,0.0,1.32,0.26,0.0,1.59,3.71,1.32,1.32,0.26,50.0,0.0,2.74,0.0,27.45,0.0
305,D. Origi,30,https://media.api-sports.io/football/players/305.png,Attacker,Attacker,65,Nottingham Forest,https://media.api-sports.io/football/teams/65.png,39,2023,20,6,598,6.585,0,1,10,4,7,131,9,6,2,0,34,8,14,1,0.0,0.15,1.51,0.6,0.15,1.05,1.35,0.9,0.3,0.0,1.2,5.12,1.2,2.11,0.15,40.0,0.0,5.34,0.0,39.08,42.86
306,Mohamed Salah,33,https://media.api-sports.io/football/players/306.png,Attacker,Attacker,40,Liverpool,https://media.api-sports.io/football/teams/40.png,39,2023,32,31,2535,7.58125,18,10,90,56,68,935,27,17,2,1,76,26,12,2,0.64,0.36,3.2,1.99,0.99,2.41,0.96,0.6,0.07,0.04,0.71,2.7,0.92,0.43,0.07,62.22,20.0,7.27,0.0,33.78,35.53
6,L. Balerdi,26,https://media.api-sports.io/football/players/6.png,Defender,Defender,81,Marseille,https://media.api-sports.io/football/teams/81.png,61,2023,27,26,2275,7.181481,2,0,13,4,5,1618,9,79,51,15,168,23,25,5,0.08,0.0,0.51,0.16,0.08,0.2,0.36,3.13,2.02,0.59,5.74,6.65,0.91,0.99,0.2,30.77,15.38,0.31,51.0,64.12,60.0
9,A. Hakimi,27,https://media.api-sports.io/football/players/9.png,Defender,Defender,85,Paris Saint Germain,https://media.api-sports.io/football/teams/85.png,61,2023,25,20,1931,7.324,4,5,28,12,43,1738,27,29,12,4,91,26,22,3,0.19,0.23,1.31,0.56,0.42,2.0,1.26,1.35,0.56,0.19,2.1,4.24,1.21,1.03,0.14,42.86,14.29,2.47,61.0,44.39,47.37
33,L. Hernández,29,https://media.api-sports.io/football/players/33.png,Defender,Defender,85,Paris Saint Germain,https://media.api-sports.io/football/teams/85.png,61,2023,27,23,1916,7.114814,1,1,6,2,12,1708,9,52,27,5,114,30,23,6,0.05,0.05,0.28,0.09,0.09,0.56,0.42,2.44,1.27,0.23,3.95,5.35,1.41,1.08,0.28,33.33,16.67,0.7,57.0,61.96,64.29
68,Clinton Mata,33,https://media.api-sports.io/football/players/68.png,Defender,Defender,80,Lyon,https://media.api-sports.io/football/teams/80.png,61,2023,28,25,2221,6.928571,0,3,7,0,14,1311,23,43,40,16,130,37,29,6,0.0,0.12,0.28,0.0,0.12,0.57,0.93,1.74,1.62,0.65,4.01,5.27,1.5,1.18,0.24,0.0,0.0,1.07,40.0,56.28,67.65
81,K. Diatta,26,https://media.api-sports.io/football/players/81.png,Midfielder,Midfielder,91,Monaco,https://media.api-sports.io/football/teams/91.png,61,2023,26,12,1195,6.815384,0,2,6,0,23,616,29,37,16,2,120,24,18,2,0.0,0.15,0.45,0.0,0.15,1.73,2.18,2.79,1.21,0.15,4.14,9.04,1.81,1.36,0.15,0.0,0.0,3.73,0.0,56.6,67.44
99,R. Pierre-Gabriel,27,https://media.api-sports.io/football/players/99.png,Defender,Defender,83,Nantes,https://media.api-sports.io/football/teams/83.png,61,2023,12,6,594,6.708333,0,0,2,0,2,234,4,15,8,4,32,4,4,3,0.0,0.0,0.3,0.0,0.0,0.3,0.61,2.27,1.21,0.61,4.09,4.85,0.61,0.61,0.45,0.0,0.0,0.85,0.0,64.0,50.0
107,S. Diop,25,https://media.api-sports.io/football/players/107.png,Midfielder,Midfielder,84,Nice,https://media.api-sports.io/football/teams/84.png,61,2023,10,6,501,6.68,0,0,12,6,8,162,6,8,3,0,27,12,9,0,0.0,0.0,2.16,1.08,0.0,1.44,1.08,1.44,0.54,0.0,1.98,4.85,2.16,1.62,0.0,50.0,0.0,4.94,0.0,38.57,27.27
109,A. Golovin,29,https://media.api-sports.io/football/players/109.png,Midfielder,Midfielder,91,Monaco,https://media.api-sports.io/football/teams/91.png,61,2023,25,25,2155,7.644,6,6,34,19,50,1102,24,42,21,3,114,36,25,10,0.25,0.25,1.42,0.79,0.5,2.09,1.0,1.75,0.88,0.13,2.76,4.76,1.5,1.04,0.42,55.88,17.65,4.54,0.0,51.35,58.54
112,K. N&apos;Doram,29,https://media.api-sports.io/football/players/112.png,Midfielder,Midfielder,112,Metz,https://media.api-sports.io/football/teams/112.png,61,2023,23,18,1604,6.708,0,2,4,1,8,692,5,36,29,11,100,28,31,5,0.0,0.11,0.22,0.06,0.11,0.45,0.28,2.02,1.63,0.62,4.26,5.61,1.57,1.74,0.28,25.0,0.0,1.16,0.0,52.91,41.67
116,K. Thuram,24,https://media.api-sports.io/football/players/116.png,Midfielder,Midfielder,84,Nice,https://media.api-sports.io/football/teams/84.png,61,2023,27,25,2115,7.048148,1,1,29,11,31,1106,35,41,18,10,117,22,34,7,0.04,0.04,1.23,0.47,0.09,1.32,1.49,1.74,0.77,0.43,2.94,4.98,0.94,1.45,0.3,37.93,3.45,2.8,0.0,49.79,58.33
138,J. Todibo,26,https://media.api-sports.io/football/players/138.png,Defender,Defender,84,Nice,https://media.api-sports.io/football/teams/84.png,61,2023,30,30,2654,7.083333,0,2,5,1,9,2461,16,58,38,15,131,18,25,3,0.0,0.07,0.17,0.03,0.07,0.31,0.54,1.97,1.29,0.51,3.76,4.44,0.61,0.85,0.1,20.0,0.0,0.37,73.0,59.01,64.0
139,S. Umtiti,32,https://media.api-sports.io/football/players/139.png,Defender,Defender,79,Lille,https://media.api-sports.io/football/teams/79.png,61,2023,6,2,183,6.34,0,0,0,0,0,165,0,1,2,0,3,1,3,0,0.0,0.0,0.0,0.0,0.0,0.0,0.0,0.49,0.98,0.0,1.48,1.48,0.49,1.48,0.0,0.0,0.0,0.0,0.0,27.27,0.0
153,O. Dembélé,28,https://media.api-sports.io/football/players/153.png,Attacker,Attacker,85,Paris Saint Germain,https://media.api-sports.io/football/teams/85.png,61,2023,26,17,1510,7.326923,3,8,32,14,59,936,65,19,5,0,114,27,7,0,0.18,0.48,1.91,0.83,0.66,3.52,3.87,1.13,0.3,0.0,1.43,6.79,1.61,0.42,0.0,43.75,9.38,6.3,0.0,50.67,49.24
179,M. Sissoko,36,https://media.api-sports.io/football/players/179.png,Midfielder,Midfielder,83,Nantes,https://media.api-sports.io/football/teams/83.png,61,2023,26,21,1823,6.615384,0,0,7,3,14,650,10,27,12,2,54,3,40,7,0.0,0.0,0.35,0.15,0.0,0.69,0.49,1.33,0.59,0.1,2.02,2.67,0.15,1.97,0.35,42.86,0.0,2.15,0.0,36.73,47.62
198,M. Škriniar,30,https://media.api-sports.io/football/players/198.png,Defender,Defender,85,Paris Saint Germain,https://media.api-sports.io/football/teams/85.png,61,2023,24,21,1624,6.895833,0,0,2,1,1,1812,2,24,12,10,61,10,14,1,0.0,0.0,0.11,0.06,0.0,0.06,0.11,1.33,0.67,0.55,2.55,3.38,0.55,0.78,0.06,50.0,0.0,0.06,72.0,55.45,100.0
240,P. Rosario,29,https://media.api-sports.io/football/players/240.png,Midfielder,Midfielder,84,Nice,https://media.api-sports.io/football/teams/84.png,61,2023,30,23,2020,6.933333,0,0,14,3,17,1128,11,37,29,13,102,19,18,4,0.0,0.0,0.62,0.13,0.0,0.76,0.49,1.65,1.29,0.58,3.52,4.54,0.85,0.8,0.18,21.43,0.0,1.51,0.0,58.62,57.89
243,Z. Aboukhlal,25,https://media.api-sports.io/football/players/243.png,Attacker,Attacker,96,Toulouse,https://media.api-sports.io/football/teams/96.png,61,2023,13,9,758,6.616666,3,0,17,8,5,182,8,9,1,1,38,15,17,2,0.36,0.0,2.02,0.95,0.36,0.59,0.95,1.07,0.12,0.12,1.31,4.51,1.78,2.02,0.24,47.06,17.65,2.75,0.0,36.19,26.67
257,Marquinhos,31,https://media.api-sports.io/football/players/257.png,Defender,Defender,85,Paris Saint Germain,https://media.api-sports.io/football/teams/85.png,61,2023,21,18,1539,7.247619,0,1,1,0,9,1783,1,19,17,19,47,3,3,1,0.0,0.06,0.06,0.0,0.06,0.53,0.06,1.11,0.99,1.11,3.22,2.75,0.18,0.18,0.06,0.0,0.0,0.5,80.0,58.75,100.0
261,T. Kehrer,29,https://media.api-sports.io/football/players/261.png,Defender,Defender,91,Monaco,https://media.api-sports.io/football/teams/91.png,61,2023,15,15,1324,7.16,1,1,11,4,5,940,3,31,30,6,61,5,17,3,0.07,0.07,0.75,0.27,0.14,0.34,0.2,2.11,2.04,0.41,4.55,4.15,0.34,1.16,0.2,36.36,9.09,0.53,55.0,52.59,100.0
278,Kylian Mbappé,27,https://media.api-sports.io/football/players/278.png,Attacker,Attacker,85,Paris Saint Germain,https://media.api-sports.io/football/teams/85.png,61,2023,29,24,2159,7.917241,27,7,91,59,40,931,61,4,2,0,103,38,19,4,1.13,0.29,3.79,2.46,1.42,1.67,2.54,0.17,0.08,0.0,0.25,4.29,1.58,0.79,0.17,64.84,29.67,4.3,0.0,45.98,49.59
287,D. Lovren,36,https://media.api-sports.io/football/players/287.png,Defender,Defender,80,Lyon,https://media.api-sports.io/football/teams/80.png,61,2023,10,8,720,6.744444,0,0,6,4,1,435,0,9,12,5,34,1,12,3,0.0,0.0,0.75,0.5,0.0,0.12,0.0,1.12,1.5,0.62,3.25,4.25,0.12,1.5,0.38,66.67,0.0,0.23,41.0,54.84,0.0
327,A. Ounas,29,https://media.api-sports.io/football/players/327.png,Midfielder,Midfielder,79,Lille,https://media.api-sports.io/football/teams/79.png,61,2023,17,3,407,6.8875,1,0,7,4,13,169,16,4,6,0,38,12,3,0,0.22,0.0,1.55,0.88,0.22,2.87,3.54,0.88,1.33,0.0,2.21,8.4,2.65,0.66,0.0,57.14,14.29,7.69,0.0,51.35,72.73
328,Fabián Ruiz,29,https://media.api-sports.io/football/players/328.png,Midfielder,Midfielder,85,Paris Saint Germain,https://media.api-sports.io/football/teams/85.png,61,2023,21,14,1194,7.061904,1,3,12,6,18,859,16,33,11,2,64,11,6,3,0.08,0.23,0.9,0.45,0.3,1.36,1.21,2.49,0.83,0.15,3.47,4.82,0.83,0.45,0.23,50.0,8.33,2.1,0.0,62.75,88.89
375,C. Mbemba,32,https://media.api-sports.io/football/players/375.png,Defender,Defender,81,Marseille,https://media.api-sports.io/football/teams/81.png,61,2023,25,25,2209,7.048,2,2,17,2,7,1361,7,33,13,13,89,9,21,1,0.08,0.08,0.69,0.08,0.16,0.29,0.29,1.34,0.53,0.53,2.4,3.63,0.37,0.86,0.04,11.76,11.76,0.51,48.0,54.27,63.64
381,Danilo Pereira,34,https://media.api-sports.io/football/players/381.png,Midfielder,Midfielder,85,Paris Saint Germain,https://media.api-sports.io/football/teams/85.png,61,2023,26,24,1999,7.153846,0,0,7,1,0,2215,3,22,23,26,82,11,14,2,0.0,0.0,0.32,0.05,0.0,0.0,0.14,0.99,1.04,1.17,3.2,3.69,0.5,0.63,0.09,14.29,0.0,0.0,80.0,60.29,60.0
407,B. Stambouli,35,https://media.api-sports.io/football/players/407.png,Midfielder,Midfielder,93,Reims,https://media.api-sports.io/football/teams/93.png,61,2023,7,5,298,6.514285,0,1,0,0,3,128,1,9,2,1,18,0,7,4,0.0,0.3,0.0,0.0,0.3,0.91,0.3,2.72,0.6,0.3,3.62,5.44,0.0,2.11,1.21,0.0,0.0,2.34,0.0,52.94,100.0
409,N. Bentaleb,31,https://media.api-sports.io/football/players/409.png,Midfielder,Midfielder,79,Lille,https://media.api-sports.io/football/teams/79.png,61,2023,26,23,1968,7.076923,0,3,7,2,14,1441,14,49,37,12,105,18,23,7,0.0,0.14,0.32,0.09,0.14,0.64,0.64,2.24,1.69,0.55,4.48,4.8,0.82,1.05,0.32,28.57,0.0,0.97,49.0,57.69,77.78
412,A. Harit,28,https://media.api-sports.io/football/players/412.png,Midfielder,Midfielder,81,Marseille,https://media.api-sports.io/football/teams/81.png,61,2023,28,25,1838,7.071428,1,2,24,8,39,905,39,28,12,4,122,51,19,5,0.05,0.1,1.18,0.39,0.15,1.91,1.91,1.37,0.59,0.2,2.15,5.97,2.5,0.93,0.24,33.33,4.17,4.31,0.0,50.0,59.09
421,B. Embolo,28,https://media.api-sports.io/football/players/421.png,Attacker,Attacker,91,Monaco,https://media.api-sports.io/football/teams/91.png,61,2023,5,2,181,6.86,1,0,4,3,3,45,4,3,1,0,15,7,3,0,0.5,0.0,1.99,1.49,0.5,1.49,1.99,1.49,0.5,0.0,1.99,7.46,3.48,1.49,0.0,75.0,25.0,6.67,0.0,38.46,57.14
519,C. Tolisso,31,https://media.api-sports.io/football/players/519.png,Midfielder,Midfielder,80,Lyon,https://media.api-sports.io/football/teams/80.png,61,2023,25,21,1749,7.148,2,1,31,15,26,1199,5,33,10,9,98,23,24,5,0.1,0.05,1.6,0.77,0.15,1.34,0.26,1.7,0.51,0.46,2.68,5.04,1.18,1.23,0.26,48.39,6.45,2.17,41.0,52.13,55.56
529,N. Tagliafico,33,https://media.api-sports.io/football/players/529.png,Defender,Defender,80,Lyon,https://media.api-sports.io/football/teams/80.png,61,2023,25,25,2129,6.968,3,1,11,6,18,993,5,54,28,8,111,32,37,6,0.13,0.04,0.47,0.25,0.17,0.76,0.21,2.28,1.18,0.34,3.8,4.69,1.35,1.56,0.25,54.55,27.27,1.81,0.0,52.36,33.33
623,B. Mendy,31,https://media.api-sports.io/football/players/623.png,Defender,Defender,97,Lorient,https://media.api-sports.io/football/teams/97.png,61,2023,15,7,709,6.593333,2,1,12,4,16,311,9,3,7,2,20,4,12,3,0.25,0.13,1.52,0.51,0.38,2.03,1.14,0.38,0.89,0.25,1.52,2.54,0.51,1.52,0.38,33.33,16.67,5.14,0.0,35.71,50.0
646,M. Gorgelin,35,https://media.api-sports.io/football/players/646.png,Midfielder,Goalkeeper,111,Le Havre,https://media.api-sports.io/football/teams/111.png,61,2023,1,1,90,6.9,0,0,0,0,0,19,0,0,0,0,0,0,0,1,0.0,0.0,0.0,0.0,0.0,0.0,0.0,0.0,0.0,0.0,0.0,0.0,0.0,0.0,1.0,0.0,0.0,0.0,0.0,0.0,0.0
647,Anthony Lopes,35,https://media.api-sports.io/football/players/647.png,Midfielder,Goalkeeper,80,Lyon,https://media.api-sports.io/football/teams/80.png,61,2023,31,31,2790,7.290322,0,0,0,0,1,879,0,0,0,0,11,6,1,0,0.0,0.0,0.0,0.0,0.0,0.03,0.0,0.0,0.0,0.0,0.0,0.35,0.19,0.03,0.0,0.0,0.0,0.11,0.0,91.67,0.0
659,M. Caqueret,25,https://media.api-sports.io/football/players/659.png,Midfielder,Midfielder,80,Lyon,https://media.api-sports.io/football/teams/80.png,61,2023,34,34,3025,7.214705,1,4,15,9,58,1906,52,91,48,9,182,30,34,1,0.03,0.12,0.45,0.27,0.15,1.73,1.55,2.71,1.43,0.27,4.4,5.41,0.89,1.01,0.03,60.0,6.67,3.04,48.0,49.73,65.0
663,M. Terrier,28,https://media.api-sports.io/football/players/663.png,Attacker,Attacker,94,Rennes,https://media.api-sports.io/football/teams/94.png,61,2023,24,19,1533,7.116666,7,3,26,16,16,491,16,14,9,4,91,28,13,3,0.41,0.18,1.53,0.94,0.59,0.94,0.94,0.82,0.53,0.23,1.59,5.34,1.64,0.76,0.18,61.54,26.92,3.26,0.0,49.46,47.06
679,Ismaily,35,https://media.api-sports.io/football/players/679.png,Defender,Defender,79,Lille,https://media.api-sports.io/football/teams/79.png,61,2023,30,28,2467,6.906666,1,1,5,4,10,1276,26,72,32,6,163,23,15,1,0.04,0.04,0.18,0.15,0.07,0.36,0.95,2.63,1.17,0.22,4.01,5.95,0.84,0.55,0.04,80.0,20.0,0.78,0.0,60.59,47.27
731,K. Navas,39,https://media.api-sports.io/football/players/731.png,Midfielder,Goalkeeper,85,Paris Saint Germain,https://media.api-sports.io/football/teams/85.png,61,2023,4,4,360,6.8,0,0,0,0,0,86,0,0,0,0,0,0,0,0,0.0,0.0,0.0,0.0,0.0,0.0,0.0,0.0,0.0,0.0,0.0,0.0,0.0,0.0,0.0,0.0,0.0,0.0,0.0,0.0,0.0
746,Marco Asensio,30,https://media.api-sports.io/football/players/746.png,Attacker,Forward,85,Paris Saint Germain,https://media.api-sports.io/football/teams/85.png,61,2023,19,16,1113,7.242105,4,5,19,10,34,593,10,12,5,0,34,10,8,0,0.32,0.4,1.54,0.81,0.73,2.75,0.81,0.97,0.4,0.0,1.37,2.75,0.81,0.65,0.0,52.63,21.05,5.73,0.0,47.22,50.0
896,A. Gomes,25,https://media.api-sports.io/football/players/896.png,Midfielder,Midfielder,79,Lille,https://media.api-sports.io/football/teams/79.png,61,2023,31,31,2579,7.32258,0,8,18,7,48,1696,22,26,18,6,91,36,31,5,0.0,0.28,0.63,0.24,0.28,1.68,0.77,0.91,0.63,0.21,1.74,3.18,1.26,1.08,0.17,38.89,0.0,2.83,49.0,50.84,64.71
902,N. Matić,38,https://media.api-sports.io/football/players/902.png,Midfielder,Midfielder,80,Lyon,https://media.api-sports.io/football/teams/80.png,61,2023,15,15,1259,6.966666,0,0,3,2,7,978,12,17,16,6,57,8,8,2,0.0,0.0,0.21,0.14,0.0,0.5,0.86,1.22,1.14,0.43,2.79,4.07,0.57,0.57,0.14,66.67,0.0,0.72,56.0,55.88,60.0
926,G. Kondogbia,32,https://media.api-sports.io/football/players/926.png,Midfielder,Midfielder,81,Marseille,https://media.api-sports.io/football/teams/81.png,61,2023,26,15,1458,6.953846,0,0,6,1,11,944,9,48,29,4,103,29,25,3,0.0,0.0,0.37,0.06,0.0,0.68,0.56,2.96,1.79,0.25,5.0,6.36,1.79,1.54,0.19,16.67,0.0,1.17,0.0,60.59,81.82
8,Raphaël Guerreiro,32,https://media.api-sports.io/football/players/8.png,Defender,Defender,157,Bayern München,https://media.api-sports.io/football/teams/157.png,78,2023,20,13,1192,7.065,3,0,13,6,23,923,12,19,14,1,40,7,3,2,0.23,0.0,0.98,0.45,0.23,1.74,0.91,1.43,1.06,0.08,2.57,3.02,0.53,0.23,0.15,46.15,23.08,2.49,40.0,56.34,66.67
13,D. Zagadou,26,https://media.api-sports.io/football/players/13.png,Defender,Defender,172,VfB Stuttgart,https://media.api-sports.io/football/teams/172.png,78,2023,19,16,1453,7.121052,1,0,9,3,3,1358,3,21,18,18,87,3,17,1,0.06,0.0,0.56,0.19,0.06,0.19,0.19,1.3,1.11,1.11,3.53,5.39,0.19,1.05,0.06,33.33,11.11,0.22,61.0,70.73,75.0
14,M. Dahoud,29,https://media.api-sports.io/football/players/14.png,Midfielder,Midfielder,172,VfB Stuttgart,https://media.api-sports.io/football/teams/172.png,78,2023,13,1,216,6.708333,1,0,2,1,7,228,0,5,0,0,9,2,0,0,0.42,0.0,0.83,0.42,0.42,2.92,0.0,2.08,0.0,0.0,2.08,3.75,0.83,0.0,0.0,50.0,50.0,3.07,0.0,39.13,0.0
16,M. Götze,33,https://media.api-sports.io/football/players/16.png,Midfielder,Midfielder,169,Eintracht Frankfurt,https://media.api-sports.io/football/teams/169.png,78,2023,30,23,2076,6.963333,3,2,9,7,35,1259,17,52,13,3,112,35,14,4,0.13,0.09,0.39,0.3,0.22,1.52,0.74,2.25,0.56,0.13,2.95,4.86,1.52,0.61,0.17,77.78,33.33,2.78,0.0,51.85,45.95
18,J. Sancho,25,https://media.api-sports.io/football/players/18.png,Attacker,Attacker,165,Borussia Dortmund,https://media.api-sports.io/football/teams/165.png,78,2023,14,11,953,7.161538,2,2,7,4,25,469,36,5,4,0,52,10,3,1,0.19,0.19,0.66,0.38,0.38,2.36,3.4,0.47,0.38,0.0,0.85,4.91,0.94,0.28,0.09,57.14,28.57,5.33,0.0,53.06,54.55
19,J. Weigl,30,https://media.api-sports.io/football/players/19.png,Midfielder,Midfielder,163,Borussia Mönchengladbach,https://media.api-sports.io/football/teams/163.png,78,2023,31,31,2766,7.064516,2,3,13,6,25,1466,14,66,48,14,134,30,33,10,0.07,0.1,0.42,0.2,0.16,0.81,0.46,2.15,1.56,0.46,4.16,4.36,0.98,1.07,0.33,46.15,15.38,1.71,42.0,59.82,70.0
24,M. Philipp,31,https://media.api-sports.io/football/players/24.png,Attacker,Attacker,160,SC Freiburg,https://media.api-sports.io/football/teams/160.png,78,2023,17,1,309,6.55625,1,0,7,3,3,105,0,8,1,0,18,3,10,2,0.29,0.0,2.04,0.87,0.29,0.87,0.0,2.33,0.29,0.0,2.62,5.24,0.87,2.91,0.58,42.86,14.29,2.86,0.0,33.33,0.0
25,M. Reus,36,https://media.api-sports.io/football/players/25.png,Midfielder,Midfielder,165,Borussia Dortmund,https://media.api-sports.io/football/teams/165.png,78,2023,26,18,1610,7.203846,6,6,37,20,36,666,8,37,5,2,79,21,21,2,0.34,0.34,2.07,1.12,0.67,2.01,0.45,2.07,0.28,0.11,2.46,4.42,1.17,1.17,0.11,54.05,16.22,5.41,0.0,50.0,44.44
26,M. Wolf,30,https://media.api-sports.io/football/players/26.png,Midfielder,Midfielder,165,Borussia Dortmund,https://media.api-sports.io/football/teams/165.png,78,2023,22,12,1160,6.661904,0,1,6,1,11,726,11,20,8,2,44,7,12,2,0.0,0.08,0.47,0.08,0.08,0.85,0.85,1.55,0.62,0.16,2.33,3.41,0.54,0.93,0.16,16.67,0.0,1.52,0.0,49.44,52.38
86,L. Openda,25,https://media.api-sports.io/football/players/86.png,Attacker,Attacker,173,RB Leipzig,https://media.api-sports.io/football/teams/173.png,78,2023,34,33,2716,7.335294,24,7,96,62,36,480,20,3,5,3,109,64,38,4,0.8,0.23,3.18,2.05,1.03,1.19,0.66,0.1,0.17,0.1,0.36,3.61,2.12,1.26,0.13,64.58,25.0,7.5,0.0,43.08,35.71
98,B. Henrichs,28,https://media.api-sports.io/football/players/98.png,Defender,Defender,173,RB Leipzig,https://media.api-sports.io/football/teams/173.png,78,2023,33,28,2532,7.1,1,5,21,9,42,1371,32,67,32,4,156,34,27,5,0.04,0.18,0.75,0.32,0.21,1.49,1.14,2.38,1.14,0.14,3.66,5.55,1.21,0.96,0.18,42.86,4.76,3.06,0.0,57.78,68.09
175,E. Dier,32,https://media.api-sports.io/football/players/175.png,Defender,Defender,157,Bayern München,https://media.api-sports.io/football/teams/157.png,78,2023,15,14,1166,7.093333,0,0,6,4,2,1131,1,11,10,12,54,9,12,1,0.0,0.0,0.46,0.31,0.0,0.15,0.08,0.85,0.77,0.93,2.55,4.17,0.69,0.93,0.08,66.67,0.0,0.18,69.0,65.85,100.0
184,H. Kane,32,https://media.api-sports.io/football/players/184.png,Attacker,Attacker,157,Bayern München,https://media.api-sports.io/football/teams/157.png,78,2023,32,32,2844,7.740625,36,8,109,67,31,621,24,13,6,4,107,39,10,2,1.14,0.25,3.45,2.12,1.39,0.98,0.76,0.41,0.19,0.13,0.73,3.39,1.23,0.32,0.06,61.47,33.03,4.99,0.0,45.34,42.86
249,D. Malen,26,https://media.api-sports.io/football/players/249.png,Attacker,Attacker,165,Borussia Dortmund,https://media.api-sports.io/football/teams/165.png,78,2023,27,21,1785,7.27037,13,1,51,36,23,495,42,11,2,4,84,24,11,5,0.66,0.05,2.57,1.82,0.71,1.16,2.12,0.55,0.1,0.2,0.86,4.24,1.21,0.55,0.25,70.59,25.49,4.65,0.0,42.64,51.22
264,T. Meunier,34,https://media.api-sports.io/football/players/264.png,Defender,Defender,165,Borussia Dortmund,https://media.api-sports.io/football/teams/165.png,78,2023,8,8,593,6.7125,0,0,4,1,4,415,2,5,4,2,14,0,10,0,0.0,0.0,0.61,0.15,0.0,0.61,0.3,0.76,0.61,0.3,1.67,2.12,0.0,1.52,0.0,25.0,0.0,0.96,42.0,28.57,28.57
270,S. Nsoki,26,https://media.api-sports.io/football/players/270.png,Defender,Defender,167,1899 Hoffenheim,https://media.api-sports.io/football/teams/167.png,78,2023,11,7,631,6.58,0,0,0,0,2,363,9,21,8,2,44,2,12,2,0.0,0.0,0.0,0.0,0.0,0.29,1.28,3.0,1.14,0.29,4.42,6.28,0.29,1.71,0.29,0.0,0.0,0.55,0.0,52.38,60.0
275,E. Choupo-Moting,36,https://media.api-sports.io/football/players/275.png,Attacker,Attacker,157,Bayern München,https://media.api-sports.io/football/teams/157.png,78,2023,27,7,703,6.817391,2,2,22,12,17,271,24,17,7,0,62,7,10,1,0.26,0.26,2.82,1.54,0.51,2.18,3.07,2.18,0.9,0.0,3.07,7.94,0.9,1.28,0.13,54.55,9.09,6.27,0.0,51.67,64.86
294,N. Keïta,30,https://media.api-sports.io/football/players/294.png,Midfielder,Midfielder,162,Werder Bremen,https://media.api-sports.io/football/teams/162.png,78,2023,5,1,107,6.55,0,0,2,0,0,67,4,1,2,0,6,1,2,2,0.0,0.0,1.68,0.0,0.0,0.0,3.36,0.84,1.68,0.0,2.52,5.05,0.84,1.68,1.68,0.0,0.0,0.0,0.0,40.0,66.67
376,Diogo Leite,27,https://media.api-sports.io/football/players/376.png,Defender,Defender,182,Union Berlin,https://media.api-sports.io/football/teams/182.png,78,2023,32,32,2708,6.8625,0,0,9,4,6,1554,6,52,46,22,160,31,40,6,0.0,0.0,0.3,0.13,0.0,0.2,0.2,1.73,1.53,0.73,3.99,5.32,1.03,1.33,0.2,44.44,0.0,0.39,0.0,57.35,54.55
426,M. Uth,34,https://media.api-sports.io/football/players/426.png,Attacker,Attacker,192,1. FC Köln,https://media.api-sports.io/football/teams/192.png,78,2023,11,3,367,6.63,0,1,7,5,10,135,4,8,1,0,27,12,9,2,0.0,0.25,1.72,1.23,0.25,2.45,0.98,1.96,0.25,0.0,2.21,6.62,2.94,2.21,0.49,71.43,0.0,7.41,0.0,46.55,44.44
497,M. Neuer,39,https://media.api-sports.io/football/players/497.png,Midfielder,Goalkeeper,157,Bayern München,https://media.api-sports.io/football/teams/157.png,78,2023,23,23,2054,6.956521,0,0,0,0,0,767,1,1,0,0,9,2,1,1,0.0,0.0,0.0,0.0,0.0,0.0,0.04,0.04,0.0,0.0,0.04,0.39,0.09,0.04,0.04,0.0,0.0,0.0,0.0,69.23,100.0
498,S. Ulreich,37,https://media.api-sports.io/football/players/498.png,Midfielder,Goalkeeper,157,Bayern München,https://media.api-sports.io/football/teams/157.png,78,2023,11,11,990,6.727272,0,0,0,0,1,338,0,1,0,0,2,0,0,1,0.0,0.0,0.0,0.0,0.0,0.09,0.0,0.09,0.0,0.0,0.09,0.18,0.0,0.0,0.09,0.0,0.0,0.3,0.0,100.0,0.0
501,M. Hummels,37,https://media.api-sports.io/football/players/501.png,Defender,Defender,165,Borussia Dortmund,https://media.api-sports.io/football/teams/165.png,78,2023,25,20,1582,7.083333,3,0,15,6,9,1411,2,52,32,11,101,9,12,5,0.17,0.0,0.85,0.34,0.17,0.51,0.11,2.96,1.82,0.63,5.4,5.75,0.51,0.68,0.28,40.0,20.0,0.64,50.0,59.41,33.33
502,J. Kimmich,30,https://media.api-sports.io/football/players/502.png,Midfielder,Midfielder,157,Bayern München,https://media.api-sports.io/football/teams/157.png,78,2023,28,27,2185,7.435714,1,6,17,7,73,1984,10,45,13,4,84,24,11,2,0.04,0.25,0.7,0.29,0.29,3.01,0.41,1.85,0.54,0.16,2.55,3.46,0.99,0.45,0.08,41.18,5.88,3.68,64.0,56.0,45.45
506,N. Süle,30,https://media.api-sports.io/football/players/506.png,Defender,Defender,165,Borussia Dortmund,https://media.api-sports.io/football/teams/165.png,78,2023,23,14,1507,7.031818,1,0,3,1,5,1489,3,18,25,14,44,1,9,0,0.06,0.0,0.18,0.06,0.06,0.3,0.18,1.07,1.49,0.84,3.4,2.63,0.06,0.54,0.0,33.33,33.33,0.34,60.0,55.7,75.0
508,K. Coman,29,https://media.api-sports.io/football/players/508.png,Attacker,Attacker,157,Bayern München,https://media.api-sports.io/football/teams/157.png,78,2023,17,15,1123,7.282352,3,3,23,8,29,578,28,12,2,1,65,19,6,1,0.24,0.24,1.84,0.64,0.48,2.32,2.24,0.96,0.16,0.08,1.2,5.21,1.52,0.48,0.08,34.78,13.04,5.02,0.0,48.15,46.67
509,A. Davies,25,https://media.api-sports.io/football/players/509.png,Defender,Defender,157,Bayern München,https://media.api-sports.io/football/teams/157.png,78,2023,29,24,2068,7.131034,2,5,9,4,38,1451,71,47,27,4,152,20,16,0,0.09,0.22,0.39,0.17,0.3,1.65,3.09,2.05,1.18,0.17,3.39,6.62,0.87,0.7,0.0,44.44,22.22,2.62,44.0,56.93,61.74
510,S. Gnabry,30,https://media.api-sports.io/football/players/510.png,Attacker,Attacker,157,Bayern München,https://media.api-sports.io/football/teams/157.png,78,2023,10,5,433,7.144444,3,1,10,6,9,197,6,8,3,0,20,3,6,0,0.62,0.21,2.08,1.25,0.83,1.87,1.25,1.66,0.62,0.0,2.29,4.16,0.62,1.25,0.0,60.0,30.0,4.57,0.0,41.67,50.0
511,L. Goretzka,30,https://media.api-sports.io/football/players/511.png,Midfielder,Midfielder,157,Bayern München,https://media.api-sports.io/football/teams/157.png,78,2023,30,25,2243,7.396666,6,7,38,15,33,1730,13,39,30,8,102,14,23,3,0.24,0.28,1.52,0.6,0.52,1.32,0.52,1.56,1.2,0.32,3.09,4.09,0.56,0.92,0.12,39.47,15.79,1.91,51.0,49.76,61.9
512,Jeong Woo-Yeong,26,https://media.api-sports.io/football/players/512.png,Midfielder,Midfielder,172,VfB Stuttgart,https://media.api-sports.io/football/teams/172.png,78,2023,26,5,618,6.752173,2,3,14,8,9,316,4,15,7,0,31,9,4,1,0.29,0.44,2.04,1.17,0.73,1.31,0.58,2.18,1.02,0.0,3.2,4.51,1.31,0.58,0.15,57.14,14.29,2.85,0.0,46.97,26.67
522,T. Müller,36,https://media.api-sports.io/football/players/522.png,Attacker,Attacker,157,Bayern München,https://media.api-sports.io/football/teams/157.png,78,2023,31,20,1659,7.24,5,9,24,13,52,717,11,26,2,0,87,21,12,0,0.27,0.49,1.3,0.71,0.76,2.82,0.6,1.41,0.11,0.0,1.52,4.72,1.14,0.65,0.0,54.17,20.83,7.25,0.0,49.15,57.89
532,M. de Ligt,26,https://media.api-sports.io/football/players/532.png,Defender,Defender,157,Bayern München,https://media.api-sports.io/football/teams/157.png,78,2023,22,16,1390,6.990476,2,0,11,7,3,1188,2,13,16,10,65,8,12,5,0.13,0.0,0.71,0.45,0.13,0.19,0.13,0.84,1.04,0.65,2.53,4.21,0.52,0.78,0.32,63.64,18.18,0.25,50.0,59.63,100.0
545,N. Mazraoui,28,https://media.api-sports.io/football/players/545.png,Defender,Defender,157,Bayern München,https://media.api-sports.io/football/teams/157.png,78,2023,19,15,1198,6.98421,0,3,6,3,15,859,11,31,20,1,72,11,10,3,0.0,0.23,0.45,0.23,0.23,1.13,0.83,2.33,1.5,0.08,3.91,5.41,0.83,0.75,0.23,50.0,0.0,1.75,40.0,56.25,47.83
547,D. van de Beek,28,https://media.api-sports.io/football/players/547.png,Midfielder,Midfielder,169,Eintracht Frankfurt,https://media.api-sports.io/football/teams/169.png,78,2023,8,4,359,6.5625,0,0,0,0,3,132,3,8,3,1,16,1,7,1,0.0,0.0,0.0,0.0,0.0,0.75,0.75,2.01,0.75,0.25,3.01,4.01,0.25,1.75,0.25,0.0,0.0,2.27,0.0,42.11,50.0
549,V. Černý,28,https://media.api-sports.io/football/players/549.png,Midfielder,Midfielder,161,VfL Wolfsburg,https://media.api-sports.io/football/teams/161.png,78,2023,22,17,934,6.757142,4,0,13,5,14,322,14,8,8,0,23,0,9,2,0.39,0.0,1.25,0.48,0.39,1.35,1.35,0.77,0.77,0.0,1.54,2.22,0.0,0.87,0.19,38.46,30.77,4.35,0.0,27.71,43.75
563,Álex Grimaldo,30,https://media.api-sports.io/football/players/563.png,Defender,Defender,168,Bayer Leverkusen,https://media.api-sports.io/football/teams/168.png,78,2023,33,32,2785,7.757575,10,13,51,23,79,1745,20,45,22,7,103,26,14,1,0.32,0.42,1.65,0.74,0.74,2.55,0.65,1.45,0.71,0.23,2.39,3.33,0.84,0.45,0.03,45.1,19.61,4.53,46.0,51.24,46.51
637,F. Nmecha,25,https://media.api-sports.io/football/players/637.png,Midfielder,Midfielder,165,Borussia Dortmund,https://media.api-sports.io/football/teams/165.png,78,2023,20,10,1016,6.825,1,2,13,3,14,455,9,19,11,5,75,27,9,3,0.09,0.18,1.15,0.27,0.27,1.24,0.8,1.68,0.97,0.44,3.1,6.64,2.39,0.8,0.27,23.08,7.69,3.08,0.0,61.98,60.0
644,L. Sané,30,https://media.api-sports.io/football/players/644.png,Attacker,Forward,157,Bayern München,https://media.api-sports.io/football/teams/157.png,78,2023,27,27,2144,7.674074,8,11,50,28,73,995,92,14,6,0,130,21,26,4,0.34,0.46,2.1,1.18,0.8,3.06,3.86,0.59,0.25,0.0,0.84,5.46,0.88,1.09,0.17,56.0,16.0,7.34,0.0,46.26,57.86
664,L. Tousart,28,https://media.api-sports.io/football/players/664.png,Midfielder,Midfielder,182,Union Berlin,https://media.api-sports.io/football/teams/182.png,78,2023,23,18,1575,6.7,0,0,19,6,7,510,10,35,25,9,91,8,31,5,0.0,0.0,1.09,0.34,0.0,0.4,0.57,2.0,1.43,0.51,3.94,5.2,0.46,1.77,0.29,31.58,0.0,1.37,0.0,44.39,47.62
683,I. Ordets,33,https://media.api-sports.io/football/players/683.png,Defender,Defender,176,VfL Bochum,https://media.api-sports.io/football/teams/176.png,78,2023,24,21,1879,6.996153,1,0,14,6,5,792,0,21,35,36,193,20,32,4,0.05,0.0,0.67,0.29,0.05,0.24,0.0,1.01,1.68,1.72,4.41,9.24,0.96,1.53,0.19,42.86,7.14,0.63,0.0,67.25,0.0
702,O. Baumann,35,https://media.api-sports.io/football/players/702.png,Midfielder,Goalkeeper,167,1899 Hoffenheim,https://media.api-sports.io/football/teams/167.png,78,2023,34,34,3060,7.397058,0,1,0,0,2,1243,0,1,0,0,11,6,1,1,0.0,0.03,0.0,0.0,0.03,0.06,0.0,0.03,0.0,0.0,0.03,0.32,0.18,0.03,0.03,0.0,0.0,0.16,0.0,78.57,0.0
709,P. Kadeřábek,33,https://media.api-sports.io/football/players/709.png,Defender,Defender,167,1899 Hoffenheim,https://media.api-sports.io/football/teams/167.png,78,2023,29,28,2420,6.993103,3,4,15,6,38,938,3,30,23,8,107,12,17,7,0.11,0.15,0.56,0.22,0.26,1.41,0.11,1.12,0.86,0.3,2.27,3.98,0.45,0.63,0.26,40.0,20.0,4.05,0.0,46.32,21.43
713,K. Vogt,34,https://media.api-sports.io/football/players/713.png,Defender,Defender,182,Union Berlin,https://media.api-sports.io/football/teams/182.png,78,2023,16,16,1326,6.875,0,0,1,1,2,925,5,14,9,13,35,9,11,5,0.0,0.0,0.07,0.07,0.0,0.14,0.34,0.95,0.61,0.88,2.44,2.38,0.61,0.75,0.34,100.0,0.0,0.22,50.0,60.34,83.33
714,N. Amiri,29,https://media.api-sports.io/football/players/714.png,Midfielder,Midfielder,164,FSV Mainz 05,https://media.api-sports.io/football/teams/164.png,78,2023,15,15,1319,6.725,1,0,2,2,1,99,1,4,0,0,8,3,1,5,0.07,0.0,0.14,0.14,0.07,0.07,0.07,0.27,0.0,0.0,0.27,0.55,0.2,0.07,0.34,100.0,50.0,1.01,0.0,50.0,20.0
715,C. Baumgartner,26,https://media.api-sports.io/football/players/715.png,Midfielder,Midfielder,173,RB Leipzig,https://media.api-sports.io/football/teams/173.png,78,2023,32,11,1147,6.754838,5,1,24,12,16,439,18,26,5,1,91,27,27,3,0.39,0.08,1.88,0.94,0.47,1.26,1.41,2.04,0.39,0.08,2.51,7.14,2.12,2.12,0.24,50.0,20.83,3.64,0.0,42.72,54.55
716,L. Bittencourt,32,https://media.api-sports.io/football/players/716.png,Midfielder,Midfielder,162,Werder Bremen,https://media.api-sports.io/football/teams/162.png,78,2023,29,19,1585,6.765517,1,2,21,5,26,773,17,41,12,1,95,31,34,9,0.06,0.11,1.19,0.28,0.17,1.48,0.97,2.33,0.68,0.06,3.07,5.39,1.76,1.93,0.51,23.81,4.76,3.36,0.0,46.57,39.53
719,F. Grillitsch,31,https://media.api-sports.io/football/players/719.png,Midfielder,Midfielder,167,1899 Hoffenheim,https://media.api-sports.io/football/teams/167.png,78,2023,30,27,2303,6.996666,1,6,13,6,19,1727,13,53,52,20,124,24,27,8,0.04,0.23,0.51,0.23,0.27,0.74,0.51,2.07,2.03,0.78,4.88,4.85,0.94,1.06,0.31,46.15,7.69,1.1,51.0,53.22,61.9
725,R. Hack,27,https://media.api-sports.io/football/players/725.png,Midfielder,Midfielder,163,Borussia Mönchengladbach,https://media.api-sports.io/football/teams/163.png,78,2023,29,14,1346,7.05862,10,2,37,22,24,477,26,16,14,0,80,22,17,2,0.67,0.13,2.47,1.47,0.8,1.6,1.74,1.07,0.94,0.0,2.01,5.35,1.47,1.14,0.13,59.46,27.03,5.03,0.0,40.61,45.61
726,A. Kramarić,34,https://media.api-sports.io/football/players/726.png,Attacker,Attacker,167,1899 Hoffenheim,https://media.api-sports.io/football/teams/167.png,78,2023,30,25,2207,7.56,15,6,56,34,79,1002,25,11,9,2,79,35,8,4,0.61,0.24,2.28,1.39,0.86,3.22,1.02,0.45,0.37,0.08,0.9,3.22,1.43,0.33,0.16,60.71,26.79,7.88,0.0,50.32,53.19
3,E. Oelschlägel,30,https://media.api-sports.io/football/players/3.png,Midfielder,Goalkeeper,208,Emmen,https://media.api-sports.io/football/teams/208.png,88,2023,4,4,360,7.05,0,0,0,0,0,146,0,0,0,0,0,0,0,0,0.0,0.0,0.0,0.0,0.0,0.0,0.0,0.0,0.0,0.0,0.0,0.0,0.0,0.0,0.0,0.0,0.0,0.0,0.0,0.0,0.0
124,J. Cillessen,36,https://media.api-sports.io/football/players/124.png,Midfielder,Goalkeeper,413,NEC Nijmegen,https://media.api-sports.io/football/teams/413.png,88,2023,31,31,2731,7.025806,0,0,0,0,1,940,0,0,0,0,13,4,0,1,0.0,0.0,0.0,0.0,0.0,0.03,0.0,0.0,0.0,0.0,0.0,0.43,0.13,0.0,0.03,0.0,0.0,0.11,0.0,76.47,0.0
221,E. Room,36,https://media.api-sports.io/football/players/221.png,Midfielder,Goalkeeper,200,Vitesse,https://media.api-sports.io/football/teams/200.png,88,2023,34,34,3060,7.161764,0,0,0,0,3,1246,2,0,2,0,6,2,1,1,0.0,0.0,0.0,0.0,0.0,0.09,0.06,0.0,0.06,0.0,0.06,0.18,0.06,0.03,0.03,0.0,0.0,0.24,0.0,60.0,100.0
228,A. Obispo,26,https://media.api-sports.io/football/players/228.png,Defender,Defender,197,PSV Eindhoven,https://media.api-sports.io/football/teams/197.png,88,2023,9,1,162,6.714285,0,0,2,1,0,177,0,3,1,2,9,1,2,1,0.0,0.0,1.11,0.56,0.0,0.0,0.0,1.67,0.56,1.11,3.33,5.0,0.56,1.11,0.56,50.0,0.0,0.0,0.0,64.29,0.0
231,J. Teze,26,https://media.api-sports.io/football/players/231.png,Defender,Defender,197,PSV Eindhoven,https://media.api-sports.io/football/teams/197.png,88,2023,30,29,2489,7.396666,2,9,18,6,55,1773,17,51,16,2,92,7,20,4,0.07,0.33,0.65,0.22,0.4,1.99,0.61,1.84,0.58,0.07,2.49,3.33,0.25,0.72,0.14,33.33,11.11,3.1,52.0,52.57,53.12
232,N. Viergever,36,https://media.api-sports.io/football/players/232.png,Defender,Defender,207,Utrecht,https://media.api-sports.io/football/teams/207.png,88,2023,27,25,2258,6.862962,2,0,9,4,8,1330,3,32,15,22,93,6,12,3,0.08,0.0,0.36,0.16,0.08,0.32,0.12,1.28,0.6,0.88,2.75,3.71,0.24,0.48,0.12,44.44,22.22,0.6,46.0,59.62,50.0
233,Mauro Júnior,26,https://media.api-sports.io/football/players/233.png,Defender,Defender,197,PSV Eindhoven,https://media.api-sports.io/football/teams/197.png,88,2023,16,9,871,7.02,1,0,4,2,10,641,10,18,7,2,47,8,4,0,0.1,0.0,0.41,0.21,0.1,1.03,1.03,1.86,0.72,0.21,2.79,4.86,0.83,0.41,0.0,50.0,25.0,1.56,0.0,57.32,55.56
238,B. Ramselaar,29,https://media.api-sports.io/football/players/238.png,Midfielder,Midfielder,207,Utrecht,https://media.api-sports.io/football/teams/207.png,88,2023,11,3,396,6.763636,1,1,4,3,7,136,2,1,3,2,7,3,1,0,0.23,0.23,0.91,0.68,0.45,1.59,0.45,0.23,0.68,0.45,1.36,1.59,0.68,0.23,0.0,75.0,25.0,5.15,0.0,29.17,22.22
241,M. Sadílek,26,https://media.api-sports.io/football/players/241.png,Midfielder,Midfielder,415,Twente,https://media.api-sports.io/football/teams/415.png,88,2023,31,31,2703,7.145161,1,3,17,7,47,1823,6,49,28,9,131,26,32,6,0.03,0.1,0.57,0.23,0.13,1.56,0.2,1.63,0.93,0.3,2.86,4.36,0.87,1.07,0.2,41.18,5.88,2.58,49.0,49.25,54.55
242,R. Thomas,31,https://media.api-sports.io/football/players/242.png,Midfielder,Midfielder,193,PEC Zwolle,https://media.api-sports.io/football/teams/193.png,88,2023,7,5,341,6.814285,0,0,4,1,0,197,1,11,6,2,21,5,5,1,0.0,0.0,1.06,0.26,0.0,0.0,0.26,2.9,1.58,0.53,5.01,5.54,1.32,1.32,0.26,25.0,0.0,0.0,0.0,53.85,25.0
244,S. Bergwijn,28,https://media.api-sports.io/football/players/244.png,Attacker,Attacker,194,Ajax,https://media.api-sports.io/football/teams/194.png,88,2023,24,23,1952,7.379166,12,4,50,30,50,877,39,17,4,1,89,23,13,6,0.55,0.18,2.31,1.38,0.74,2.31,1.8,0.78,0.18,0.05,1.01,4.1,1.06,0.6,0.28,60.0,24.0,5.7,0.0,44.95,50.65
246,L. de Jong,35,https://media.api-sports.io/football/players/246.png,Attacker,Forward,197,PSV Eindhoven,https://media.api-sports.io/football/teams/197.png,88,2023,34,34,2776,7.867647,29,15,113,63,67,831,8,29,3,7,196,29,24,3,0.94,0.49,3.66,2.04,1.43,2.17,0.26,0.94,0.1,0.23,1.26,6.35,0.94,0.78,0.1,55.75,25.66,8.06,0.0,52.97,40.0
248,H. Lozano,30,https://media.api-sports.io/football/players/248.png,Attacker,Attacker,197,PSV Eindhoven,https://media.api-sports.io/football/teams/197.png,88,2023,24,17,1541,7.408333,6,3,56,25,40,561,32,24,15,1,92,29,17,2,0.35,0.18,3.27,1.46,0.53,2.34,1.87,1.4,0.88,0.06,2.34,5.37,1.69,0.99,0.12,44.64,10.71,7.13,0.0,49.2,44.44
265,A. Zagré,24,https://media.api-sports.io/football/players/265.png,Defender,Defender,196,Excelsior,https://media.api-sports.io/football/teams/196.png,88,2023,28,28,2321,6.845161,1,5,10,6,17,1143,49,80,47,16,177,29,25,7,0.04,0.19,0.39,0.23,0.23,0.66,1.9,3.1,1.82,0.62,5.55,6.86,1.12,0.97,0.27,60.0,10.0,1.49,0.0,59.4,61.25
279,L. Mbe Soh,24,https://media.api-sports.io/football/players/279.png,Defender,Defender,419,Almere City FC,https://media.api-sports.io/football/teams/419.png,88,2023,20,13,1254,6.721052,1,1,3,2,4,542,5,17,14,12,46,2,16,2,0.07,0.07,0.22,0.14,0.14,0.29,0.36,1.22,1.0,0.86,3.09,3.3,0.14,1.15,0.14,66.67,33.33,0.74,0.0,45.1,100.0
292,J. Henderson,35,https://media.api-sports.io/football/players/292.png,Midfielder,Midfielder,194,Ajax,https://media.api-sports.io/football/teams/194.png,88,2023,9,9,754,7.377777,0,3,5,3,22,711,4,13,5,4,27,4,8,0,0.0,0.36,0.6,0.36,0.36,2.63,0.48,1.55,0.6,0.48,2.63,3.22,0.48,0.95,0.0,60.0,0.0,3.09,70.0,51.92,40.0
400,J. Bruma,33,https://media.api-sports.io/football/players/400.png,Defender,Defender,417,Waalwijk,https://media.api-sports.io/football/teams/417.png,88,2023,12,3,397,6.6,0,0,3,0,2,242,1,3,5,8,18,2,9,1,0.0,0.0,0.68,0.0,0.0,0.45,0.23,0.68,1.13,1.81,3.63,4.08,0.45,2.04,0.23,0.0,0.0,0.83,0.0,50.0,100.0
539,D. de Wit,27,https://media.api-sports.io/football/players/539.png,Midfielder,Midfielder,201,AZ Alkmaar,https://media.api-sports.io/football/teams/201.png,88,2023,32,29,2521,6.871875,10,3,30,15,28,893,5,46,16,6,183,29,68,8,0.36,0.11,1.07,0.54,0.46,1.0,0.18,1.64,0.57,0.21,2.43,6.53,1.04,2.43,0.29,50.0,33.33,3.14,0.0,47.41,31.25
540,C. Eiting,27,https://media.api-sports.io/football/players/540.png,Midfielder,Midfielder,415,Twente,https://media.api-sports.io/football/teams/415.png,88,2023,23,7,783,6.891304,0,3,4,1,21,479,5,21,8,1,35,6,7,2,0.0,0.34,0.46,0.11,0.34,2.41,0.57,2.41,0.92,0.11,3.45,4.02,0.69,0.8,0.23,25.0,0.0,4.38,0.0,48.61,45.45
543,Z. Labyad,33,https://media.api-sports.io/football/players/543.png,Midfielder,Midfielder,207,Utrecht,https://media.api-sports.io/football/teams/207.png,88,2023,9,7,283,6.5625,0,1,5,2,7,82,1,4,2,0,14,3,6,0,0.0,0.32,1.59,0.64,0.32,2.23,0.32,1.27,0.64,0.0,1.91,4.45,0.95,1.91,0.0,40.0,0.0,8.54,0.0,42.42,25.0
544,N. Lang,26,https://media.api-sports.io/football/players/544.png,Attacker,Forward,197,PSV Eindhoven,https://media.api-sports.io/football/teams/197.png,88,2023,11,10,588,7.336363,4,1,19,13,17,272,11,3,1,0,25,10,7,0,0.61,0.15,2.91,1.99,0.77,2.6,1.68,0.46,0.15,0.0,0.61,3.83,1.53,1.07,0.0,68.42,21.05,6.25,0.0,40.98,44.0
546,L. Schöne,39,https://media.api-sports.io/football/players/546.png,Midfielder,Midfielder,413,NEC Nijmegen,https://media.api-sports.io/football/teams/413.png,88,2023,24,13,1245,6.85,1,3,5,3,27,728,4,14,13,3,42,9,18,3,0.07,0.22,0.36,0.22,0.29,1.95,0.29,1.01,0.94,0.22,2.17,3.04,0.65,1.3,0.22,60.0,20.0,3.71,0.0,40.38,44.44
584,V. Barkas,31,https://media.api-sports.io/football/players/584.png,Midfielder,Goalkeeper,207,Utrecht,https://media.api-sports.io/football/teams/207.png,88,2023,31,31,2820,7.274193,0,0,0,0,1,951,0,2,0,0,15,3,0,2,0.0,0.0,0.0,0.0,0.0,0.03,0.0,0.06,0.0,0.0,0.06,0.48,0.1,0.0,0.06,0.0,0.0,0.11,0.0,88.24,0.0
625,P. Sandler,28,https://media.api-sports.io/football/players/625.png,Defender,Defender,413,NEC Nijmegen,https://media.api-sports.io/football/teams/413.png,88,2023,24,23,1880,7.034782,0,0,7,0,6,1262,5,24,17,21,85,10,19,3,0.0,0.0,0.34,0.0,0.0,0.29,0.24,1.15,0.81,1.01,2.97,4.07,0.48,0.91,0.14,0.0,0.0,0.48,49.0,62.5,50.0
706,J. Brenet,31,https://media.api-sports.io/football/players/706.png,Defender,Defender,415,Twente,https://media.api-sports.io/football/teams/415.png,88,2023,15,13,1081,6.966666,2,2,7,3,16,564,10,31,12,0,62,8,17,1,0.17,0.17,0.58,0.25,0.33,1.33,0.83,2.58,1.0,0.0,3.58,5.16,0.67,1.42,0.08,42.86,28.57,2.84,0.0,44.29,45.45
1003,T. Domgjoni,27,https://media.api-sports.io/football/players/1003.png,Midfielder,Midfielder,200,Vitesse,https://media.api-sports.io/football/teams/200.png,88,2023,15,6,667,6.585714,0,0,1,0,2,295,7,15,8,3,43,5,13,2,0.0,0.0,0.13,0.0,0.0,0.27,0.94,2.02,1.08,0.4,3.51,5.8,0.67,1.75,0.27,0.0,0.0,0.68,0.0,58.9,70.0
1085,André Ramalho,33,https://media.api-sports.io/football/players/1085.png,Defender,Defender,197,PSV Eindhoven,https://media.api-sports.io/football/teams/197.png,88,2023,33,29,2365,7.318181,3,1,27,8,9,2266,3,48,30,27,147,20,29,5,0.11,0.04,1.03,0.3,0.15,0.34,0.11,1.83,1.14,1.03,4.0,5.59,0.76,1.1,0.19,29.63,11.11,0.4,61.0,62.29,75.0
1421,Z. Bakkali,29,https://media.api-sports.io/football/players/1421.png,Attacker,Attacker,417,Waalwijk,https://media.api-sports.io/football/teams/417.png,88,2023,18,8,718,6.7,0,0,14,5,10,222,16,16,2,0,47,13,11,0,0.0,0.0,1.75,0.63,0.0,1.25,2.01,2.01,0.25,0.0,2.26,5.89,1.63,1.38,0.0,35.71,0.0,4.5,0.0,49.47,55.17
1582,Róber,24,https://media.api-sports.io/football/players/1582.png,Midfielder,Midfielder,413,NEC Nijmegen,https://media.api-sports.io/football/teams/413.png,88,2023,30,16,1451,6.917857,6,4,35,22,24,386,18,27,5,1,97,44,16,2,0.37,0.25,2.17,1.36,0.62,1.49,1.12,1.67,0.31,0.06,2.05,6.02,2.73,0.99,0.12,62.86,17.14,6.22,0.0,45.97,34.62
1813,J. Willems,31,https://media.api-sports.io/football/players/1813.png,Defender,Defender,206,Heracles,https://media.api-sports.io/football/teams/206.png,88,2023,20,11,1073,6.7,0,0,6,0,13,535,8,18,10,6,50,17,3,2,0.0,0.0,0.5,0.0,0.0,1.09,0.67,1.51,0.84,0.5,2.85,4.19,1.43,0.25,0.17,0.0,0.0,2.43,0.0,54.35,61.54
1815,J. de Guzmán,38,https://media.api-sports.io/football/players/1815.png,Midfielder,Midfielder,426,Sparta Rotterdam,https://media.api-sports.io/football/teams/426.png,88,2023,32,26,2012,6.809375,1,3,15,6,28,1125,10,20,24,13,69,17,27,6,0.04,0.13,0.67,0.27,0.18,1.25,0.45,0.89,1.07,0.58,2.55,3.09,0.76,1.21,0.27,40.0,6.67,2.49,0.0,43.12,58.82
1980,N. Isimat-Mirin,34,https://media.api-sports.io/football/players/1980.png,Defender,Defender,200,Vitesse,https://media.api-sports.io/football/teams/200.png,88,2023,27,24,2175,6.807692,1,1,6,2,10,1321,8,40,27,21,144,13,28,2,0.04,0.04,0.25,0.08,0.08,0.41,0.33,1.66,1.12,0.87,3.64,5.96,0.54,1.16,0.08,33.33,16.67,0.76,40.0,61.8,80.0
1993,O. Özyakup,32,https://media.api-sports.io/football/players/1993.png,Midfielder,Midfielder,205,Fortuna Sittard,https://media.api-sports.io/football/teams/205.png,88,2023,22,10,958,6.933333,1,1,14,5,20,453,12,26,13,2,49,9,10,3,0.09,0.09,1.32,0.47,0.19,1.88,1.13,2.44,1.22,0.19,3.85,4.6,0.85,0.94,0.28,35.71,7.14,4.42,0.0,55.68,63.16
2115,A. Halilović,29,https://media.api-sports.io/football/players/2115.png,Midfielder,Midfielder,205,Fortuna Sittard,https://media.api-sports.io/football/teams/205.png,88,2023,31,25,2110,7.093548,4,2,49,21,37,861,46,24,9,2,104,29,15,1,0.17,0.09,2.09,0.9,0.26,1.58,1.96,1.02,0.38,0.09,1.49,4.44,1.24,0.64,0.04,42.86,8.16,4.3,0.0,49.76,56.1
2320,W. Willumsson,27,https://media.api-sports.io/football/players/2320.png,Midfielder,Midfielder,410,GO Ahead Eagles,https://media.api-sports.io/football/teams/410.png,88,2023,31,31,2679,7.141935,7,2,37,20,46,946,40,32,12,6,159,36,20,2,0.24,0.07,1.24,0.67,0.3,1.55,1.34,1.08,0.4,0.2,1.68,5.34,1.21,0.67,0.07,54.05,18.92,4.86,0.0,48.62,54.79
2380,C. Akpom,30,https://media.api-sports.io/football/players/2380.png,Attacker,Attacker,194,Ajax,https://media.api-sports.io/football/teams/194.png,88,2023,25,8,1038,7.1125,11,3,38,21,17,245,12,15,3,0,98,29,11,0,0.95,0.26,3.29,1.82,1.21,1.47,1.04,1.3,0.26,0.0,1.56,8.5,2.51,0.95,0.0,55.26,28.95,6.94,0.0,52.41,60.0
2431,M. López,26,https://media.api-sports.io/football/players/2431.png,Defender,Defender,209,Feyenoord,https://media.api-sports.io/football/teams/209.png,88,2023,12,4,460,6.866666,0,1,4,0,12,345,4,6,2,3,25,6,4,1,0.0,0.2,0.78,0.0,0.2,2.35,0.78,1.17,0.39,0.59,2.15,4.89,1.17,0.78,0.2,0.0,0.0,3.48,0.0,56.82,66.67
2700,A. Jahanbakhsh,33,https://media.api-sports.io/football/players/2700.png,Attacker,Forward,209,Feyenoord,https://media.api-sports.io/football/teams/209.png,88,2023,16,11,460,7.1,0,2,15,8,15,261,16,23,5,0,55,3,10,1,0.0,0.39,2.93,1.57,0.39,2.93,3.13,4.5,0.98,0.0,5.48,10.76,0.59,1.96,0.2,53.33,0.0,5.75,0.0,63.95,69.57
2741,M. Ryan,33,https://media.api-sports.io/football/players/2741.png,Midfielder,Goalkeeper,201,AZ Alkmaar,https://media.api-sports.io/football/teams/201.png,88,2023,29,29,2610,7.224137,0,0,0,0,0,940,0,0,0,0,7,0,1,0,0.0,0.0,0.0,0.0,0.0,0.0,0.0,0.0,0.0,0.0,0.0,0.24,0.0,0.03,0.0,0.0,0.0,0.0,0.0,70.0,0.0
5962,G. Ávila,24,https://media.api-sports.io/football/players/5962.png,Defender,Defender,194,Ajax,https://media.api-sports.io/football/teams/194.png,88,2023,5,4,354,6.92,0,0,3,1,3,273,0,15,3,1,31,11,6,1,0.0,0.0,0.76,0.25,0.0,0.76,0.0,3.81,0.76,0.25,4.83,7.88,2.8,1.53,0.25,33.33,0.0,1.1,47.0,55.36,0.0
7321,D. Oroz,25,https://media.api-sports.io/football/players/7321.png,Defender,Defender,200,Vitesse,https://media.api-sports.io/football/teams/200.png,88,2023,27,23,1899,6.611111,1,0,12,2,5,976,4,34,30,12,92,9,26,9,0.05,0.0,0.57,0.09,0.05,0.24,0.19,1.61,1.42,0.57,3.6,4.36,0.43,1.23,0.43,16.67,8.33,0.51,0.0,49.73,80.0
7529,G. Trauner,33,https://media.api-sports.io/football/players/7529.png,Defender,Defender,209,Feyenoord,https://media.api-sports.io/football/teams/209.png,88,2023,19,16,1366,7.173684,1,2,11,4,7,1245,3,27,20,2,83,6,5,1,0.07,0.13,0.72,0.26,0.2,0.46,0.2,1.78,1.32,0.13,3.23,5.47,0.4,0.33,0.07,36.36,9.09,0.56,60.0,77.57,75.0
7783,I. Nicolăescu,27,https://media.api-sports.io/football/players/7783.png,Attacker,Attacker,210,Heerenveen,https://media.api-sports.io/football/teams/210.png,88,2023,19,7,697,6.673684,5,0,19,12,2,106,6,3,1,0,29,5,8,1,0.65,0.0,2.45,1.55,0.65,0.26,0.77,0.39,0.13,0.0,0.52,3.74,0.65,1.03,0.13,63.16,26.32,1.89,0.0,29.9,30.0
8740,A. Vellios,33,https://media.api-sports.io/football/players/8740.png,Attacker,Attacker,193,PEC Zwolle,https://media.api-sports.io/football/teams/193.png,88,2023,27,4,716,6.774074,3,2,20,9,7,199,3,2,0,0,70,4,20,4,0.38,0.25,2.51,1.13,0.63,0.88,0.38,0.25,0.0,0.0,0.25,8.8,0.5,2.51,0.5,45.0,15.0,3.52,0.0,41.42,60.0
27,Adán,39,https://media.api-sports.io/football/players/27.png,Midfielder,Goalkeeper,228,Sporting CP,https://media.api-sports.io/football/teams/228.png,94,2023,22,22,1980,6.681818,0,0,0,0,0,517,1,0,0,0,4,2,2,1,0.0,0.0,0.0,0.0,0.0,0.0,0.05,0.0,0.0,0.0,0.0,0.18,0.09,0.09,0.05,0.0,0.0,0.0,0.0,57.14,100.0
35,Javi Montero,27,https://media.api-sports.io/football/players/35.png,Defender,Defender,240,Arouca,https://media.api-sports.io/football/teams/240.png,94,2023,29,29,2589,6.782758,1,1,5,1,6,1869,3,28,34,20,97,22,46,9,0.03,0.03,0.17,0.03,0.07,0.21,0.1,0.97,1.18,0.7,2.85,3.37,0.76,1.6,0.31,20.0,20.0,0.32,54.0,48.02,75.0
42,Gustavo Assunção,26,https://media.api-sports.io/football/players/42.png,Midfielder,Midfielder,242,Famalicao,https://media.api-sports.io/football/teams/242.png,94,2023,20,15,632,6.644444,0,0,4,1,5,296,5,17,11,2,38,10,16,5,0.0,0.0,0.57,0.14,0.0,0.71,0.71,2.42,1.57,0.28,4.27,5.41,1.42,2.28,0.71,25.0,0.0,1.69,0.0,46.91,45.45
111,Rony Lopes,30,https://media.api-sports.io/football/players/111.png,Attacker,Forward,217,SC Braga,https://media.api-sports.io/football/teams/217.png,94,2023,23,11,403,6.8,2,0,14,8,6,171,3,6,2,1,15,4,5,1,0.45,0.0,3.13,1.79,0.45,1.34,0.67,1.34,0.45,0.22,2.01,3.35,0.89,1.12,0.22,57.14,14.29,3.51,0.0,39.47,25.0
114,Adrien Silva,35,https://media.api-sports.io/football/players/114.png,Midfielder,Midfielder,226,Rio Ave,https://media.api-sports.io/football/teams/226.png,94,2023,10,3,336,6.66,0,0,2,1,5,201,4,13,5,0,32,10,7,2,0.0,0.0,0.54,0.27,0.0,1.34,1.07,3.48,1.34,0.0,4.82,8.57,2.68,1.88,0.54,50.0,0.0,2.49,0.0,53.33,50.0
145,Oriol Busquets,27,https://media.api-sports.io/football/players/145.png,Midfielder,Midfielder,240,Arouca,https://media.api-sports.io/football/teams/240.png,94,2023,18,12,452,6.611764,0,0,2,1,3,296,1,8,2,3,15,4,5,2,0.0,0.0,0.4,0.2,0.0,0.6,0.2,1.59,0.4,0.6,2.59,2.99,0.8,1.0,0.4,50.0,0.0,1.01,0.0,53.57,50.0
155,Abel Ruiz,26,https://media.api-sports.io/football/players/155.png,Attacker,Forward,217,SC Braga,https://media.api-sports.io/football/teams/217.png,94,2023,30,24,1911,6.67,6,2,33,17,25,430,7,8,5,1,41,16,22,6,0.28,0.09,1.55,0.8,0.38,1.18,0.33,0.38,0.24,0.05,0.66,1.93,0.75,1.04,0.28,51.52,18.18,5.81,0.0,26.97,31.82
206,João Mário,33,https://media.api-sports.io/football/players/206.png,Midfielder,Midfielder,211,Benfica,https://media.api-sports.io/football/teams/211.png,94,2023,31,29,2442,7.096774,3,1,31,19,36,1595,24,40,15,0,119,49,41,4,0.11,0.04,1.14,0.7,0.15,1.33,0.88,1.47,0.55,0.0,2.03,4.39,1.81,1.51,0.15,61.29,9.68,2.26,46.0,46.12,39.34
266,Á. Di María,38,https://media.api-sports.io/football/players/266.png,Attacker,Forward,211,Benfica,https://media.api-sports.io/football/teams/211.png,94,2023,28,26,2230,7.810714,9,10,66,37,81,1216,58,20,9,0,110,30,6,4,0.36,0.4,2.66,1.49,0.77,3.27,2.34,0.81,0.36,0.0,1.17,4.44,1.21,0.24,0.16,56.06,13.64,6.66,0.0,43.48,44.62
369,Diogo Costa,26,https://media.api-sports.io/football/players/369.png,Midfielder,Goalkeeper,212,FC Porto,https://media.api-sports.io/football/teams/212.png,94,2023,33,33,2945,7.00909,0,0,0,0,0,1091,1,0,0,0,10,4,1,1,0.0,0.0,0.0,0.0,0.0,0.0,0.03,0.0,0.0,0.0,0.0,0.31,0.12,0.03,0.03,0.0,0.0,0.0,0.0,76.92,100.0
373,Pepe,41,https://media.api-sports.io/football/players/373.png,Defender,Defender,212,FC Porto,https://media.api-sports.io/football/teams/212.png,94,2023,22,22,1885,7.05909,1,1,10,4,12,1601,2,27,19,8,87,20,14,6,0.05,0.05,0.48,0.19,0.1,0.57,0.1,1.29,0.91,0.38,2.58,4.15,0.95,0.67,0.29,40.0,10.0,0.75,65.0,53.37,40.0
380,Otávio,31,https://media.api-sports.io/football/players/380.png,Midfielder,Midfielder,212,FC Porto,https://media.api-sports.io/football/teams/212.png,94,2023,1,1,90,6.9,0,0,1,1,2,51,0,0,0,0,3,2,3,1,0.0,0.0,1.0,1.0,0.0,2.0,0.0,0.0,0.0,0.0,0.0,3.0,2.0,3.0,1.0,100.0,0.0,3.92,0.0,21.43,0.0
387,Fernando Andrade,33,https://media.api-sports.io/football/players/387.png,Attacker,Forward,4716,Casa Pia,https://media.api-sports.io/football/teams/4716.png,94,2023,20,11,538,6.51,2,0,9,6,3,110,6,11,0,0,28,5,10,0,0.33,0.0,1.51,1.0,0.33,0.5,1.0,1.84,0.0,0.0,1.84,4.68,0.84,1.67,0.0,66.67,22.22,2.73,0.0,38.89,37.5
391,André Pereira,29,https://media.api-sports.io/football/players/391.png,Attacker,Attacker,226,Rio Ave,https://media.api-sports.io/football/teams/226.png,94,2023,11,7,586,6.718181,1,0,8,3,5,155,4,9,2,0,42,17,26,3,0.15,0.0,1.23,0.46,0.15,0.77,0.61,1.38,0.31,0.0,1.69,6.45,2.61,3.99,0.46,37.5,12.5,3.23,0.0,39.25,23.53
395,Hernâni,34,https://media.api-sports.io/football/players/395.png,Midfielder,Midfielder,226,Rio Ave,https://media.api-sports.io/football/teams/226.png,94,2023,12,7,340,6.733333,0,1,7,1,12,50,4,0,1,1,10,5,2,0,0.0,0.26,1.85,0.26,0.26,3.18,1.06,0.0,0.26,0.26,0.53,2.65,1.32,0.53,0.0,14.29,0.0,24.0,0.0,37.04,50.0
527,Bruno Varela,31,https://media.api-sports.io/football/players/527.png,Midfielder,Goalkeeper,224,Vitória SC,https://media.api-sports.io/football/teams/224.png,94,2023,27,27,2385,7.044444,0,0,0,0,1,706,1,0,0,0,17,8,0,3,0.0,0.0,0.0,0.0,0.0,0.04,0.04,0.0,0.0,0.0,0.0,0.64,0.3,0.0,0.11,0.0,0.0,0.14,0.0,94.44,100.0
552,David Neres,29,https://media.api-sports.io/football/players/552.png,Attacker,Forward,211,Benfica,https://media.api-sports.io/football/teams/211.png,94,2023,24,20,1162,7.165217,5,7,24,13,33,572,33,11,5,2,58,12,13,1,0.39,0.54,1.86,1.01,0.93,2.56,2.56,0.85,0.39,0.15,1.39,4.49,0.93,1.01,0.08,54.17,20.83,5.77,0.0,42.34,50.0
557,O. Vlachodimos,32,https://media.api-sports.io/football/players/557.png,Midfielder,Goalkeeper,211,Benfica,https://media.api-sports.io/football/teams/211.png,94,2023,1,1,90,6.2,0,0,0,0,0,18,0,0,0,0,0,0,0,0,0.0,0.0,0.0,0.0,0.0,0.0,0.0,0.0,0.0,0.0,0.0,0.0,0.0,0.0,0.0,0.0,0.0,0.0,0.0,0.0,0.0
558,I. Zlobin,29,https://media.api-sports.io/football/players/558.png,Midfielder,Goalkeeper,242,Famalicao,https://media.api-sports.io/football/teams/242.png,94,2023,1,1,90,6.2,0,0,0,0,0,10,0,0,0,0,0,0,0,0,0.0,0.0,0.0,0.0,0.0,0.0,0.0,0.0,0.0,0.0,0.0,0.0,0.0,0.0,0.0,0.0,0.0,0.0,0.0,0.0,0.0
572,Pizzi,36,https://media.api-sports.io/football/players/572.png,Midfielder,Midfielder,230,Estoril,https://media.api-sports.io/football/teams/230.png,94,2023,34,24,994,6.788888,1,3,12,6,24,599,6,6,3,0,30,13,7,1,0.09,0.27,1.09,0.54,0.36,2.17,0.54,0.54,0.27,0.0,0.81,2.72,1.18,0.63,0.09,50.0,8.33,4.01,0.0,38.96,33.33
573,Rafa,33,https://media.api-sports.io/football/players/573.png,Attacker,Forward,211,Benfica,https://media.api-sports.io/football/teams/211.png,94,2023,30,30,2488,7.586666,14,12,59,34,64,983,49,23,7,0,144,60,22,3,0.51,0.43,2.13,1.23,0.94,2.32,1.77,0.83,0.25,0.0,1.09,5.21,2.17,0.8,0.11,57.63,23.73,6.51,0.0,49.66,49.0
575,Florentino,26,https://media.api-sports.io/football/players/575.png,Midfielder,Midfielder,211,Benfica,https://media.api-sports.io/football/teams/211.png,94,2023,30,25,1707,7.053333,0,0,8,2,12,1372,7,75,53,5,121,14,32,8,0.0,0.0,0.42,0.11,0.0,0.63,0.37,3.95,2.79,0.26,7.01,6.38,0.74,1.69,0.42,25.0,0.0,0.87,40.0,52.16,70.0
624,N. Otamendi,38,https://media.api-sports.io/football/players/624.png,Defender,Defender,211,Benfica,https://media.api-sports.io/football/teams/211.png,94,2023,31,31,2754,7.258064,2,1,26,10,13,1875,7,50,53,14,147,18,19,12,0.07,0.03,0.85,0.33,0.1,0.42,0.23,1.63,1.73,0.46,3.82,4.8,0.59,0.62,0.39,38.46,7.69,0.69,54.0,59.04,70.0
675,A. Trubin,25,https://media.api-sports.io/football/players/675.png,Midfielder,Goalkeeper,211,Benfica,https://media.api-sports.io/football/teams/211.png,94,2023,28,28,2520,7.135714,0,0,0,0,0,603,0,1,1,0,14,4,0,1,0.0,0.0,0.0,0.0,0.0,0.0,0.0,0.04,0.04,0.0,0.07,0.5,0.14,0.0,0.04,0.0,0.0,0.0,0.0,93.33,0.0
761,Cristo González,28,https://media.api-sports.io/football/players/761.png,Attacker,Forward,240,Arouca,https://media.api-sports.io/football/teams/240.png,94,2023,34,33,2790,7.223529,15,9,78,45,49,875,35,21,8,1,99,32,23,4,0.48,0.29,2.52,1.45,0.77,1.58,1.13,0.68,0.26,0.03,0.97,3.19,1.03,0.74,0.13,57.69,19.23,5.6,0.0,37.93,47.95
773,Iván Marcano,38,https://media.api-sports.io/football/players/773.png,Defender,Defender,212,FC Porto,https://media.api-sports.io/football/teams/212.png,94,2023,5,5,369,7.34,2,0,6,4,2,312,0,9,3,1,23,2,1,1,0.49,0.0,1.46,0.98,0.49,0.49,0.0,2.2,0.73,0.24,3.17,5.61,0.49,0.24,0.24,66.67,33.33,0.64,56.0,69.7,0.0
925,Gonçalo Guedes,29,https://media.api-sports.io/football/players/925.png,Attacker,Forward,211,Benfica,https://media.api-sports.io/football/teams/211.png,94,2023,9,5,157,6.677777,0,0,3,1,0,72,5,1,1,0,16,8,4,0,0.0,0.0,1.72,0.57,0.0,0.0,2.87,0.57,0.57,0.0,1.15,9.17,4.59,2.29,0.0,33.33,0.0,0.0,0.0,64.0,83.33
936,Fran Navarro,28,https://media.api-sports.io/football/players/936.png,Attacker,Forward,212,FC Porto,https://media.api-sports.io/football/teams/212.png,94,2023,6,3,178,6.45,0,0,5,2,2,20,1,1,2,0,10,5,3,0,0.0,0.0,2.53,1.01,0.0,1.01,0.51,0.51,1.01,0.0,1.52,5.06,2.53,1.52,0.0,40.0,0.0,10.0,0.0,35.71,33.33
970,Wendell,33,https://media.api-sports.io/football/players/970.png,Defender,Defender,212,FC Porto,https://media.api-sports.io/football/teams/212.png,94,2023,25,25,2106,7.344,4,2,15,9,35,1252,21,42,15,3,149,43,30,12,0.17,0.09,0.64,0.38,0.26,1.5,0.9,1.79,0.64,0.13,2.56,6.37,1.84,1.28,0.51,60.0,26.67,2.8,42.0,62.34,55.26
1126,E. Kouassi,28,https://media.api-sports.io/football/players/1126.png,Midfielder,Midfielder,240,Arouca,https://media.api-sports.io/football/teams/240.png,94,2023,25,20,1354,6.717391,0,0,7,4,10,791,3,28,11,7,83,15,27,6,0.0,0.0,0.47,0.27,0.0,0.66,0.2,1.86,0.73,0.47,3.06,5.52,1.0,1.79,0.4,57.14,0.0,1.26,0.0,52.53,42.86
1163,Bruma,31,https://media.api-sports.io/football/players/1163.png,Attacker,Forward,217,SC Braga,https://media.api-sports.io/football/teams/217.png,94,2023,26,24,1735,7.123076,6,2,42,22,28,728,62,22,5,1,110,21,10,3,0.31,0.1,2.18,1.14,0.41,1.45,3.22,1.14,0.26,0.05,1.45,5.71,1.09,0.52,0.16,52.38,14.29,3.85,0.0,46.03,55.86
1203,Luís Neto,36,https://media.api-sports.io/football/players/1203.png,Defender,Defender,228,Sporting CP,https://media.api-sports.io/football/teams/228.png,94,2023,7,2,131,6.62,0,0,1,1,0,106,0,1,1,2,4,0,2,4,0.0,0.0,0.69,0.69,0.0,0.0,0.0,0.69,0.69,1.37,2.75,2.75,0.0,1.37,2.75,100.0,0.0,0.0,0.0,44.44,0.0
